Program,Age ,Gender,Race,Household,House income 
Childcare Swim Lessons Thurs,7,female,"White/European descent, Black/African-American (having origins in Sub-Saharan Africa), Asian (e.g. Central Asian, East Asian, South Asian, Southeast Asian),",7,"$50,001-60,000"
Childcare Swim Lessons Thurs,8,female,"White/European descent,",3,"$30,001-40,000"
 Childcare Swim Lessons Tues,12,female,"White/European descent,",3,"$90,001+"
 Childcare Swim Lessons Tues,10,female,"White/European descent,",2,"$30,001-40,000"
 Childcare Swim Lessons Wed,6,female,"White/European descent, Asian (e.g. Central Asian, East Asian, South Asian, Southeast Asian),",3,"$20,001-30,000"
 Childcare Swim Lessons Wed,7,male,"White/European descent,",4,"$90,001+"
 Childcare Swim Lessons Wed,4,male,"White/European descent,",4,"$90,001+"
 Childcare Swim Lessons Wed,5,female,"White/European descent,",3,"$40,001-50,000"
 Childcare Swim Lessons Wed,33,female,"White/European descent,",3,"$80,001-90,000"
 Childcare Swim Lessons Wed,6,female,"White/European descent,",2,"<$10,000"
Fall 1 2025 Adult Beg: Tues 4:30-5:15pm,56,male,"White/European descent,",4,"$80,001-90,000"
Fall 1 2025 Adult Beg: Tues 4:30-5:15pm,29,male,Black/African-American (having origins in Sub-Saharan Africa,4,"$50,001-60,000"
Fall 1 2025 Adult Beg: Tues 4:30-5:15pm,66,male,"White/European descent,",1,"$20,001-30,000"
Fall 1 2025 Adult Beg: Tues 4:30-5:15pm,35,male,"White/European descent,",1,"$10,001-20,000"
Fall 1 2025 Adult Beg: Tues 4:30-5:15pm,44,female,Black/African-American (having origins in Sub-Saharan Africa,2,"$50,001-60,000"
Fall 1 2025 Adult Beg: Tues 4:30-5:15pm,36,female,"White/European descent,",2,"$50,001-60,000"
Fall 1 2025 Adult Beg: Tues 4:30-5:15pm,32,female,Black/African-American (having origins in Sub-Saharan Africa,1,"<$10,000"
Fall 1 2025 Adult Beg: Tues 4:30-5:15pm,68,female,"White/European descent,",2,"$50,001-60,000"
Fall 1 2025 Adult Int: Thurs 4:30-5:15pm,35,female,"Middle Eastern/North African (including the Middle East, North Africa, and the Arab world),",2,"$80,001-90,000"
Fall 1 2025 Adult Int: Thurs 4:30-5:15pm,41,female,Black/African-American (having origins in Sub-Saharan Africa,2,"$10,001-20,000"
Fall 1 2025 Childcare (5-12) Swim Lessons Tues,5,male,Multiracial,4,"$90,001+"
Fall 1 2025 Childcare (5-12) Swim Lessons Tues,8,male,"White/European descent,",5,"$90,001+"
Fall 1 2025 Childcare (5-12) Swim Lessons Tues,5,female,"White/European descent,",5,"$90,001+"
Fall 1 2025 Companion: Wed 5:30-6:00pm,6,male,black/African-American (having origins in Sub-Saharan Africa,3,"<$10,000"
Fall 1 2025 Companion: Wed 5:30-6:00pm,11,male,Black/African-American (having origins in Sub-Saharan Africa,5,"$40,001-50,000"
Fall 1 2025 Companion: Wed 5:30-6:00pm,7,male,Black/African-American (having origins in Sub-Saharan Africa,2,"$60,001-70,000"
Fall 1 2025 Companion: Wed 5:30-6:00pm,2,male,"White/European descent,",3,"$90,001+"
Fall 1 2025 Level 1: Thurs 3:55-4:25pm,6,male,"White/European descent,",3,"$20,001-30,000"
Fall 1 2025 Level 1: Thurs 3:55-4:25pm,6,male,"Black/African-American (having origins in Sub-Saharan Africa), Hispanic/Latino/Latinx (e.g. identify as Hispanic or Latino with ties to Latin America, can be any race)",4,"<$10,000"
Fall 1 2025 Level 1: Thurs 3:55-4:25pm,6,male,Black/African-American (having origins in Sub-Saharan Africa,4,"$90,001+"
Fall 1 2025 Level 1: Thurs 3:55-4:25pm,10,female,Black/African-American (having origins in Sub-Saharan Africa,3,"$20,001-30,000"
Fall 1 2025 Level 1: Thurs 4:45-5:15pm,7,male,"White/European descent,",3,"$80,001-90,000"
Fall 1 2025 Level 1: Thurs 4:45-5:15pm,8,male,Black/African-American (having origins in Sub-Saharan Africa,5,"$60,001-70,000"
Fall 1 2025 Level 1: Thurs 4:45-5:15pm,9,male,Black/African-American (having origins in Sub-Saharan Africa,2,"$10,001-20,000"
Fall 1 2025 Level 1: Thurs 4:45-5:15pm,7,male,"White/European descent,",5,"$30,001-40,000"
Fall 1 2025 Level 1: Thurs 4:45-5:15pm,8,female,"White/European descent, Hispanic/Latino/Latinx (e.g. identify as Hispanic or Latino with ties to Latin America, can be any race)",3,"$70,001-80,000"
 Fall 1 2025 Level 1: Wed 4:20-4:50pm,6,female,"White/European descent,",4,"<$10,000"
 Fall 1 2025 Level 1: Wed 4:20-4:50pm,10,male,"White/European descent,",5,"$90,001+"
 Fall 1 2025 Level 1: Wed 4:20-4:50pm,6,female,"White/European descent,",4,"$70,001-80,000"
 Fall 1 2025 Level 1: Wed 4:20-4:50pm,6,female,"White/European descent, Hispanic/Latino/Latinx (e.g. identify as Hispanic or Latino with ties to Latin America, can be any race), American Indian/Alaskan Native (e.g. Aboriginal Australian, First Nations, Native American, Native Hawaiian, Pacific Islander, Samoan)",4,"$90,001+"
 Fall 1 2025 Level 1: Wed 4:20-4:50pm,6,male,"White/European descent,",4,"<$10,000"
 Fall 1 2025 Level 1: Wed 4:20-4:50pm,9,male,"White/European descent,",4,"<$10,000"
Fall 1 2025 Level 1: Wed 4:55-5:25pm,8,female,Black/African-American (having origins in Sub-Saharan Africa,5,"$40,001-50,000"
Fall 1 2025 Level 1: Wed 4:55-5:25pm,6,male,Black/African-American (having origins in Sub-Saharan Africa,4,"$30,001-40,000"
Fall 1 2025 Level 1: Wed 4:55-5:25pm,7,male,Black/African-American (having origins in Sub-Saharan Africa,4,"$30,001-40,000"
Fall 1 2025 Level 1: Wed 4:55-5:25pm,8,female,"White/European descent,",5,"$90,001+"
Fall 1 2025 Level 1: Wed 4:55-5:25pm,5,female,"White/European descent,",5,"$90,001+"
Fall 1 2025 Level 1: Wed 4:55-5:25pm,7,female,"White/European descent,",3,"<$10,000"
Fall 1 2025 Level 2: Thurs 4:10-4:40pm,7,female,Multiracial,3,"$80,001-90,000"
Fall 1 2025 Level 2: Thurs 4:10-4:40pm,5,female,Black/African-American (having origins in Sub-Saharan Africa,4,"$50,001-60,000"
Fall 1 2025 Level 2: Thurs 4:10-4:40pm,7,female,"White/European descent,",4,"$90,001+"
Fall 1 2025 Level 2: Thurs 4:10-4:40pm,11,female,"White/European descent,",3,"$90,001+"
Fall 1 2025 Level 2: Tues 4:00-4:30pm,6,female,"White/European descent,",4,"$80,001-90,000"
Fall 1 2025 Level 2: Tues 4:00-4:30pm,6,female,"White/European descent,",4,"$80,001-90,000"
Fall 1 2025 Level 2: Tues 4:00-4:30pm,9,male,Black/African-American (having origins in Sub-Saharan Africa,3,"<$10,000"
Fall 1 2025 Level 2: Tues 4:00-4:30pm,7,female,Black/African-American (having origins in Sub-Saharan Africa,3,"<$10,000"
Fall 1 2025 Level 2: Tues 4:00-4:30pm,8,male,Black/African-American (having origins in Sub-Saharan Africa,5,"$40,001-50,000"
Fall 1 2025 Level 2: Tues 4:00-4:30pm,7,male,"White/European descent,",5,"$90,001+"
Fall 1 2025 Level 2: Wed 4:55-5:25pm,6,female,"White/European descent,",5,"$30,001-40,000"
Fall 1 2025 Level 2: Wed 4:55-5:25pm,9,female,"White/European descent,",4,"<$10,000"
Fall 1 2025 Level 2: Wed 4:55-5:25pm,6,male,"White/European descent,",2,"$90,001+"
Fall 1 2025 Level 2: Wed 4:55-5:25pm,6,female,"White/European descent, Hispanic/Latino/Latinx (e.g. identify as Hispanic or Latino with ties to Latin America, can be any race), Asian (e.g. Central Asian, East Asian, South Asian, Southeast Asian)",4,"$90,001+"
 Fall 1 2025 Level 3: Tues 4:00-4:45pm,7,female,"White/European descent,",5,"$90,001+"
 Fall 1 2025 Level 3: Tues 4:00-4:45pm,9,male,"White/European descent,",5,"$90,001+"
 Fall 1 2025 Level 3: Wed 3:30-4:15pm,10,male,"White/European descent,",4,"$90,001+"
 Fall 1 2025 Level 3: Wed 3:30-4:15pm,12,female,"White/European descent,",4,"$90,001+"
 Fall 1 2025 Level 3: Wed 3:30-4:15pm,10,male,Multiracial,4,"$30,001-40,000"
 Fall 1 2025 Level 3: Wed 3:30-4:15pm,13,female,Multiracial,4,"$30,001-40,000"
Fall 1 2025 Level 3: Wed 5:25-6:10pm,7,female,"White/European descent,",3,"$90,001+"
Fall 1 2025 Level 3: Wed 5:25-6:10pm,8,female,"White/European descent,",3,"$40,001-50,000"
Fall 1 2025 Level 3: Wed 5:25-6:10pm,7,female,"White/European descent, Black/African-American (having origins in Sub-Saharan Africa)",2,"$40,001-50,000"
Fall 1 2025 Level 3: Wed 5:25-6:10pm,9,female,"White/European descent,",5,"$30,001-40,000"
Fall 1 2025 Level 3: Wed 5:25-6:10pm,9,female,"White/European descent,",5,"$30,001-40,000"
 Fall 1 2025 Level 4: Thurs 5:15-6pm,7,male,Multiracial,4,"<$10,000"
 Fall 1 2025 Level 4: Thurs 5:15-6pm,10,male,"White/European descent, Black/African-American (having origins in Sub-Saharan Africa)",7,"$90,001+"
 Fall 1 2025 Level 4: Thurs 5:15-6pm,9,female,"White/European descent,",7,"$90,001+"
 Fall 1 2025 Level 4: Thurs 5:15-6pm,8,female,"White/European descent,",4,"$90,001+"
 Fall 1 2025 Level 4: Thurs 5:15-6pm,9,female,"White/European descent,",3,"$90,001+"
Fall 1 2025 Level 4: Wed 6:10-6:55pm,6,female,"White/European descent,",4,"$90,001+"
Fall 1 2025 Level 4: Wed 6:10-6:55pm,11,male,"White/European descent,",3,"$90,001+"
Fall 1 2025 Level 5: Thurs 5:15-6pm,11,female,Multiracial,4,"$40,001-50,000"
Fall 1 2025 Level 5: Thurs 5:15-6pm,9,male,Black/African-American (having origins in Sub-Saharan Africa,2,"<$10,000"
Fall 1 2025 Parent & Child (A): Tues 4:45-5:15pm,1,male,"White/European descent,",3,"$90,001+"
Fall 1 2025 Parent & Child (A): Tues 4:45-5:15pm,2,female,"White/European descent,",4,"<$10,000"
Fall 1 2025 Parent & Child (A): Tues 4:45-5:15pm,0,male,"White/European descent,",3,"$90,001+"
Fall 1 2025 Parent & Child (A): Tues 4:45-5:15pm,0,male,Multiracial,3,"$90,001+"
Fall 1 2025 Parent & Child (A): Tues 4:45-5:15pm,0,male,"White/European descent,",5,"$50,001-60,000"
Fall 1 2025 Parent & Child (A): Tues 4:45-5:15pm,0,female,"White/European descent,",5,"$50,001-60,000"
Fall 1 2025 Parent & Child (A): Tues 4:45-5:15pm,2,male,"White/European descent,",5,"$60,001-70,000"
Fall 1 2025 Parent & Child (A): Tues 4:45-5:15pm,3,male,"White/European descent,",5,"$60,001-70,000"
Fall 1 2025 Parent & Child (A): Tues 4:45-5:15pm,1,female,"White/European descent,",4,"$90,001+"
Fall 1 2025 Parent & Child (A): Tues 4:45-5:15pm,2,female,"White/European descent,",4,"$90,001+"
Fall 1 2025 Parent & Child (A): Tues 4:45-5:15pm,0,female,"White/European descent,",4,"$90,001+"
Fall 1 2025 Parent & Child (A): Tues 4:45-5:15pm,2,male,"White/European descent,",3,"$90,001+"
 Single Gender Swim / SGS 03/19/2025,23,female,Black/African-American (having origins in Sub-Saharan Africa,2,"<$10,000"
 Fall 1 2025 Parent & Child (B): Thurs 5:20-5:50pm,1,female,"White/European descent,",3,"$90,001+"
 Fall 1 2025 Parent & Child (B): Thurs 5:20-5:50pm,4,male,"White/European descent, Asian (e.g. Central Asian, East Asian, South Asian, Southeast Asian)",4,"<$10,000"
 Fall 1 2025 Parent & Child (B): Thurs 5:20-5:50pm,2,male,"White/European descent,",3,"$90,001+"
 Fall 1 2025 Parent & Child (B): Thurs 5:20-5:50pm,2,male,"White/European descent,",3,"$90,001+"
 Fall 1 2025 Parent & Child (B): Thurs 5:20-5:50pm,3,female,"White/European descent, Hispanic/Latino/Latinx (e.g. identify as Hispanic or Latino with ties to Latin America, can be any race), American Indian/Alaskan Native (e.g. Aboriginal Australian, First Nations, Native American, Native Hawaiian, Pacific Islander, Samoan)",4,"$90,001+"
 Fall 1 2025 Parent & Child (B): Thurs 5:20-5:50pm,3,male,"White/European descent,",5,"$90,001+"
Fall 1 2025 PreK 1 & 2: Fri 9:30-10am,3,female,"White/European descent,",4,"$90,001+"
Fall 1 2025 PreK 1 & 2: Fri 9:30-10am,4,female,Multiracial,6,"$90,001+"
Fall 1 2025 PreK 1 & 2: Fri 9:30-10am,3,female,Multiracial,4,"$50,001-60,000"
Fall 1 2025 PreK 1 & 2: Fri 9:30-10am,3,female,Black/African-American (having origins in Sub-Saharan Africa,6,"$20,001-30,000"
Fall 1 2025 PreK 1: Thurs 3:20-3:50pm,3,female,"White/European descent,",4,"<$10,000"
Fall 1 2025 PreK 1: Thurs 3:20-3:50pm,3,female,"White/European descent,",4,"<$10,000"
Fall 1 2025 PreK 1: Thurs 3:20-3:50pm,3,male,"White/European descent,",4,"$70,001-80,000"
Fall 1 2025 PreK 1: Thurs 3:20-3:50pm,3,female,"White/European descent,",3,"$90,001+"
Fall 1 2025 PreK 1: Thurs 3:20-3:50pm,5,female,"White/European descent,",3,"$70,001-80,000"
Fall 1 2025 PreK 1: Thurs 3:20-3:50pm,3,female,Black/African-American (having origins in Sub-Saharan Africa,3,"<$10,000"
Fall 1 2025 PreK 1: Tues 3-3:30pm,5,female,"White/European descent,",3,"$60,001-70,000"
Fall 1 2025 PreK 1: Tues 3-3:30pm,4,female,Black/African-American (having origins in Sub-Saharan Africa,5,"$40,001-50,000"
Fall 1 2025 PreK 1: Tues 3-3:30pm,3,male,Black/African-American (having origins in Sub-Saharan Africa,5,"$40,001-50,000"
Fall 1 2025 PreK 1: Tues 3-3:30pm,3,male,"Hispanic/Latino/Latinx (e.g. identify as Hispanic or Latino with ties to Latin America, can be any race)",5,"$90,001+"
Fall 1 2025 PreK 1: Tues 3-3:30pm,3,male,"hispanic/Latino/Latinx (e.g. identify as Hispanic or Latino with ties to Latin America, can be any race)",5,"$90,001+"
Fall 1 2025 PreK 1: Tues 3-3:30pm,3,female,"White/European descent,",5,"$90,001+"
Fall 1 2025 PreK 1: Wed 5-5:30pm,3,female,"White/European descent,",3,"$90,001+"
Fall 1 2025 PreK 1: Wed 5-5:30pm,3,female,"White/European descent,",3,"<$10,000"
Fall 1 2025 PreK 1: Wed 5-5:30pm,3,male,"White/European descent,",3,"$70,001-80,000"
Fall 1 2025 PreK 1: Wed 5-5:30pm,3,male,"White/European descent,",3,"$80,001-90,000"
Fall 1 2025 PreK 1: Wed 5:30-6pm,3,male,"White/European descent,",3,"$90,001+"
Fall 1 2025 PreK 1: Wed 5:30-6pm,3,male,Multiracial,3,"$90,001+"
Fall 1 2025 PreK 1: Wed 5:30-6pm,3,female,"White/European descent, Hispanic/Latino/Latinx (e.g. identify as Hispanic or Latino with ties to Latin America, can be any race), Asian (e.g. Central Asian, East Asian, South Asian, Southeast Asian)",4,"$90,001+"
Fall 1 2025 PreK 1: Wed 5:30-6pm,3,female,"White/European descent,",3,"$90,001+"
Fall 1 2025 PreK 2: Thurs 4:45-5:15pm,5,male,"White/European descent,",2,"$30,001-40,000"
Fall 1 2025 PreK 2: Thurs 4:45-5:15pm,5,female,"White/European descent,",3,"$40,001-50,000"
Fall 1 2025 PreK 2: Thurs 4:45-5:15pm,4,male,"White/European descent,",3,"$90,001+"
Fall 1 2025 PreK 2: Thurs 4:45-5:15pm,4,male,"White/European descent,",2,"<$10,000"
Fall 1 2025 PreK 2: Thurs 4:45-5:15pm,5,female,"White/European descent,",4,"$70,001-80,000"
Fall 1 2025 PreK 2: Thurs 4:45-5:15pm,5,male,"White/European descent,",4,"$80,001-90,000"
 Fall 1 2025 PreK 2: Tues 3:00-3:30pm,4,female,"White/European descent,",3,"$20,001-30,000"
 Fall 1 2025 PreK 2: Tues 3:00-3:30pm,3,male,"Black/African-American (having origins in Sub-Saharan Africa), Hispanic/Latino/Latinx (e.g. identify as Hispanic or Latino with ties to Latin America, can be any race),",4,"$90,001+"
 Fall 1 2025 PreK 2: Tues 3:00-3:30pm,4,female,"Asian (e.g. Central Asian, East Asian, South Asian, Southeast Asian)",3,"$50,001-60,000"
 Fall 1 2025 PreK 2: Tues 3:00-3:30pm,5,female,Black/African-American (having origins in Sub-Saharan Africa,5,"$40,001-50,000"
 Fall 1 2025 PreK 2: Tues 3:00-3:30pm,2,male,Black/African-American (having origins in Sub-Saharan Africa,2,"$30,001-40,000"
 Fall 1 2025 PreK 2: Tues 3:00-3:30pm,4,female,"White/European descent, Black/African-American (having origins in Sub-Saharan Africa)",4,"$50,001-60,000"
 Fall 1 2025 PreK 2: Tues 3:00-3:30pm,4,female,"White/European descent, Black/African-American (having origins in Sub-Saharan Africa), Hispanic/Latino/Latinx (e.g. identify as Hispanic or Latino with ties to Latin America, can be any race),",4,"$30,001-40,000"
 Fall 1 2025 PreK 2: Wed 4:20-4:50pm,4,female,"White/European descent, Hispanic/Latino/Latinx (e.g. identify as Hispanic or Latino with ties to Latin America, can be any race)",4,"$60,001-70,000"
 Fall 1 2025 PreK 2: Wed 4:20-4:50pm,4,male,Black/African-American (having origins in Sub-Saharan Africa,7,"$70,001-80,000"
Fall 1 2025 PreK 2: Wed 6-6:30pm,5,female,"White/European descent,",4,"$80,001-90,000"
Fall 1 2025 PreK 2: Wed 6-6:30pm,4,female,"White/European descent,",4,"$90,001+"
Fall 1 2025 PreK 2: Wed 6-6:30pm,4,female,"White/European descent,",3,"$90,001+"
Family Swim 03/30/2025 12pm-1:00pm,39,male,"White/European descent,",3,"$90,001+"
Family Swim 03/30/2025 12pm-1:00pm,33,female,"White/European descent,",3,"$60,001-70,000"
Family Swim 03/30/2025 12pm-1:00pm,6,female,"White/European descent,",3,"$60,001-70,000"
Family Swim 03/30/2025 12pm-1:00pm,69,female,"White/European descent,",3,"$90,001+"
Family Swim 03/30/2025 12pm-1:00pm,46,female,"White/European descent,",3,"$90,001+"
Family Swim 03/30/2025 12pm-1:00pm,3,male,"White/European descent,",3,"$90,001+"
Family Swim 03/30/2025 12pm-1:00pm,8,male,"White/European descent,",1,"$90,001+"
Family Swim 03/30/2025 12pm-1:00pm,15,male,"White/European descent,",4,"$40,001-50,000"
Family Swim 03/30/2025 12pm-1:00pm,69,female,"White/European descent,",2,"$40,001-50,000"
Family Swim 03/30/2025 12pm-1:00pm,12,male,"White/European descent,",4,"$40,001-50,000"
Family Swim 03/30/2025 12pm-1:00pm,27,female,"White/European descent,",3,"$90,001+"
Family Swim 03/30/2025 12pm-1:00pm,28,male,"White/European descent,",2,"$90,001+"
Family Swim 03/30/2025 12pm-1:00pm,24,male,"White/European descent,",2,"$80,001-90,000"
Family Swim 03/30/2025 12pm-1:00pm,57,male,"White/European descent,",2,"$80,001-90,000"
Family Swim 04/03/25 6:00-7:00pm,16,female,Black/African-American (having origins in Sub-Saharan Africa,5,"$40,001-50,000"
Family Swim 04/03/25 6:00-7:00pm,30,female,"White/European descent,",3,"$50,001-60,000"
Family Swim 04/03/25 6:00-7:00pm,1,male,"White/European descent,",3,"$50,001-60,000"
Family Swim 04/03/25 6:00-7:00pm,5,male,Black/African-American (having origins in Sub-Saharan Africa,5,"$40,001-50,000"
Family Swim 04/03/25 6:00-7:00pm,14,female,"White/European descent,",5,"<$10,000"
Family Swim 04/03/25 6:00-7:00pm,41,female,"White/European descent,",5,"$10,001-20,000"
Family Swim 04/03/25 6:00-7:00pm,14,male,Black/African-American (having origins in Sub-Saharan Africa,5,"$20,001-30,000"
Family Swim 04/03/25 6:00-7:00pm,7,male,"White/European descent,",5,"$10,001-20,000"
Family Swim 04/04/25 5:45-6:45pm,22,male,Black/African-American (having origins in Sub-Saharan Africa,4,"$40,001-50,000"
Family Swim 04/04/25 5:45-6:45pm,20,male,Black/African-American (having origins in Sub-Saharan Africa,4,"$40,001-50,000"
Family Swim 04/04/25 5:45-6:45pm,10,male,"White/European descent,",4,"$90,001+"
Family Swim 04/04/25 5:45-6:45pm,15,male,"White/European descent,",4,"$90,001+"
Family Swim 04/04/25 5:45-6:45pm,45,female,"White/European descent,",4,"$90,001+"
Family Swim 04/04/25 5:45-6:45pm,13,female,"White/European descent,",4,"$40,001-50,000"
Family Swim 04/04/25 5:45-6:45pm,11,female,"White/European descent,",4,"$40,001-50,000"
Family Swim 04/04/25 5:45-6:45pm,39,male,"White/European descent,",4,"$70,001-80,000"
Family Swim 04/04/25 5:45-6:45pm,11,male,"White/European descent,",4,"$70,001-80,000"
Family Swim 04/04/25 5:45-6:45pm,10,male,"White/European descent,",4,"$70,001-80,000"
Family Swim 04/04/25 5:45-6:45pm,27,female,"White/European descent,",4,"$70,001-80,000"
Family Swim 04/11/25 5:45-6:45pm,8,female,Black/African-American (having origins in Sub-Saharan Africa,4,"$20,001-30,000"
Family Swim 04/11/25 5:45-6:45pm,5,female,Black/African-American (having origins in Sub-Saharan Africa,4,"$20,001-30,000"
Family Swim 04/11/25 5:45-6:45pm,7,male,Black/African-American (having origins in Sub-Saharan Africa,4,"$20,001-30,000"
Family Swim 04/11/25 5:45-6:45pm,33,female,Black/African-American (having origins in Sub-Saharan Africa,5,"$20,001-30,000"
Family Swim 04/11/25 5:45-6:45pm,10,male,"White/European descent,",4,"$90,001+"
Family Swim 04/11/25 5:45-6:45pm,15,male,"White/European descent,",4,"$90,001+"
Family Swim 04/11/25 5:45-6:45pm,45,female,"White/European descent,",4,"$90,001+"
Family Swim 04/11/25 5:45-6:45pm,34,female,"White/European descent,",3,"$90,001+"
Family Swim 04/11/25 5:45-6:45pm,3,male,"White/European descent,",3,"$90,001+"
Family Swim 04/11/25 5:45-6:45pm,65,female,"White/European descent,",2,"$90,001+"
Family Swim 04/11/25 5:45-6:45pm,37,female,"Black/African-American (having origins in Sub-Saharan Africa), Middle Eastern/North African (including the Middle East, North Africa, and the Arab world)",4,"$10,001-20,000"
Family Swim 04/11/25 5:45-6:45pm,34,female,"White/European descent,",3,"$20,001-30,000"
Family Swim 04/11/25 5:45-6:45pm,11,female,"White/European descent,",4,"$70,001-80,000"
Family Swim 04/11/25 5:45-6:45pm,68,female,"White/European descent,",7,"$90,001+"
Family Swim 04/11/25 5:45-6:45pm,47,female,"Asian (e.g. Central Asian, East Asian, South Asian, Southeast Asian)",7,"$90,001+"
Family Swim 04/11/25 5:45-6:45pm,39,male,"White/European descent,",4,"$70,001-80,000"
Family Swim 04/11/25 5:45-6:45pm,11,male,"White/European descent,",4,"$70,001-80,000"
Family Swim 04/11/25 5:45-6:45pm,10,male,"White/European descent,",4,"$70,001-80,000"
Family Swim 04/11/25 5:45-6:45pm,27,female,"White/European descent,",4,"$70,001-80,000"
Family Swim 04/11/25 5:45-6:45pm,9,male,Black/African-American (having origins in Sub-Saharan Africa,3,"$20,001-30,000"
Family Swim 04/11/25 5:45-6:45pm,5,female,Black/African-American (having origins in Sub-Saharan Africa,3,"$20,001-30,000"
Family Swim 04/11/25 5:45-6:45pm,41,female,"White/European descent,",4,"$50,001-60,000"
Family Swim 04/11/25 5:45-6:45pm,9,female,"White/European descent,",4,"<$10,000"
Family Swim 04/11/25 5:45-6:45pm,7,male,"White/European descent,",4,"<$10,000"
Family Swim 04/11/25 5:45-6:45pm,44,male,"White/European descent,",4,"$60,001-70,000"
Family Swim 04/13/2025 12pm-1:00pm,28,female,Black/African-American (having origins in Sub-Saharan Africa,7,"$30,001-40,000"
Family Swim 04/13/2025 12pm-1:00pm,2,male,Black/African-American (having origins in Sub-Saharan Africa,7,"$30,001-40,000"
Family Swim 04/13/2025 12pm-1:00pm,5,female,Black/African-American (having origins in Sub-Saharan Africa,7,"$30,001-40,000"
Family Swim 04/13/2025 12pm-1:00pm,42,female,Black/African-American (having origins in Sub-Saharan Africa,3,"$40,001-50,000"
Family Swim 04/13/2025 12pm-1:00pm,46,female,"White/European descent,",3,"$90,001+"
Family Swim 04/13/2025 12pm-1:00pm,39,female,"White/European descent,",3,"$80,001-90,000"
Family Swim 04/13/2025 12pm-1:00pm,5,female,Multiracial,3,"$80,001-90,000"
Family Swim 04/13/2025 12pm-1:00pm,47,male,"Asian (e.g. Central Asian, East Asian, South Asian, Southeast Asian)",3,"$90,001+"
Family Swim 04/13/2025 12pm-1:00pm,40,male,"White/European descent,",3,"$90,001+"
Family Swim 04/13/2025 12pm-1:00pm,8,male,"White/European descent,",1,"$90,001+"
Family Swim 04/13/2025 12pm-1:00pm,43,female,"White/European descent,",3,"$90,001+"
Family Swim 04/13/2025 12pm-1:00pm,3,female,"White/European descent, Black/African-American (having origins in Sub-Saharan Africa)",3,"$90,001+"
Family Swim 04/13/2025 12pm-1:00pm,34,female,"White/European descent,",3,"$20,001-30,000"
Family Swim 04/13/2025 12pm-1:00pm,11,female,"White/European descent,",3,"$20,001-30,000"
Family Swim 04/13/2025 12pm-1:00pm,4,male,"White/European descent,",4,"<$10,000"
Family Swim 04/13/2025 12pm-1:00pm,64,female,"White/European descent,",4,"$60,001-70,000"
Family Swim 04/13/2025 12pm-1:00pm,14,female,"White/European descent,",5,"<$10,000"
Family Swim 04/13/2025 12pm-1:00pm,41,female,"White/European descent,",5,"$10,001-20,000"
Family Swim 04/13/2025 12pm-1:00pm,6,male,Black/African-American (having origins in Sub-Saharan Africa,3,"$10,001-20,000"
Family Swim 04/13/2025 12pm-1:00pm,5,female,Black/African-American (having origins in Sub-Saharan Africa,3,"$10,001-20,000"
Family Swim 04/13/2025 12pm-1:00pm,14,male,Black/African-American (having origins in Sub-Saharan Africa,5,"$20,001-30,000"
Family Swim 04/13/2025 12pm-1:00pm,7,male,"White/European descent,",5,"$10,001-20,000"
Family Swim 04/13/2025 12pm-1:00pm,3,male,"White/European descent,",3,"$20,001-30,000"
Family Swim 04/18/25 5:45-6:45pm,17,male,Black/African-American (having origins in Sub-Saharan Africa,7,"<$10,000"
Family Swim 04/18/25 5:45-6:45pm,17,male,Black/African-American (having origins in Sub-Saharan Africa,6,"<$10,000"
Family Swim 04/18/25 5:45-6:45pm,17,male,Black/African-American (having origins in Sub-Saharan Africa,4,"<$10,000"
Family Swim 04/18/25 5:45-6:45pm,17,male,Black/African-American (having origins in Sub-Saharan Africa,4,"<$10,000"
Family Swim 04/18/25 5:45-6:45pm,10,male,"White/European descent,",4,"$90,001+"
Family Swim 04/18/25 5:45-6:45pm,15,male,"White/European descent,",4,"$90,001+"
Family Swim 04/18/25 5:45-6:45pm,45,female,"White/European descent,",4,"$90,001+"
Family Swim 04/18/25 5:45-6:45pm,39,female,"White/European descent,",3,"$90,001+"
Family Swim 04/18/25 5:45-6:45pm,23,male,Black/African-American (having origins in Sub-Saharan Africa,4,"$50,001-60,000"
Family Swim 04/18/25 5:45-6:45pm,24,male,"White/European descent,",2,"$80,001-90,000"
Family Swim 04/18/25 5:45-6:45pm,57,male,"White/European descent,",2,"$80,001-90,000"
Family Swim 04/18/25 5:45-6:45pm,0,male,"White/European descent,",3,"$90,001+"
Family Swim 04/18/25 5:45-6:45pm,41,female,"White/European descent,",5,"$10,001-20,000"
Family Swim 04/18/25 5:45-6:45pm,29,female,"White/European descent,",1,"$60,001-70,000"
Family Swim 04/18/25 5:45-6:45pm,39,male,"White/European descent,",5,"$30,001-40,000"
Family Swim 04/18/25 5:45-6:45pm,7,male,"White/European descent,",5,"$10,001-20,000"
Family Swim 04/18/25 5:45-6:45pm,41,female,"White/European descent,",4,"$50,001-60,000"
Family Swim 04/18/25 5:45-6:45pm,9,female,"White/European descent,",4,"<$10,000"
Family Swim 04/18/25 5:45-6:45pm,7,male,"White/European descent,",4,"<$10,000"
Family Swim 04/18/25 5:45-6:45pm,44,male,"White/European descent,",4,"$60,001-70,000"
Family Swim 04/18/25 5:45-6:45pm,17,male,Black/African-American (having origins in Sub-Saharan Africa,4,"<$10,000"
Family Swim 04/21/25 4:00-5:00pm,33,female,Black/African-American (having origins in Sub-Saharan Africa,5,"$20,001-30,000"
Family Swim 04/21/25 4:00-5:00pm,17,male,Black/African-American (having origins in Sub-Saharan Africa,6,"<$10,000"
Family Swim 04/21/25 4:00-5:00pm,17,male,Black/African-American (having origins in Sub-Saharan Africa,4,"<$10,000"
Family Swim 04/21/25 4:00-5:00pm,17,male,Black/African-American (having origins in Sub-Saharan Africa,4,"<$10,000"
Family Swim 04/21/25 4:00-5:00pm,48,male,"White/European descent,",5,"$50,001-60,000"
Family Swim 04/21/25 4:00-5:00pm,7,female,"White/European descent,",5,"$50,001-60,000"
Family Swim 04/21/25 4:00-5:00pm,5,female,"White/European descent,",5,"$50,001-60,000"
Family Swim 04/21/25 4:00-5:00pm,46,female,"White/European descent,",4,"$90,001+"
Family Swim 04/21/25 4:00-5:00pm,9,female,"White/European descent,",4,"$90,001+"
Family Swim 04/21/25 4:00-5:00pm,6,female,"White/European descent,",4,"$90,001+"
Family Swim 04/21/25 4:00-5:00pm,7,male,"White/European descent,",4,"$80,001-90,000"
Family Swim 04/21/25 4:00-5:00pm,7,male,"White/European descent,",4,"$80,001-90,000"
Family Swim 04/21/25 4:00-5:00pm,10,female,"White/European descent,",4,"$80,001-90,000"
Family Swim 04/21/25 4:00-5:00pm,41,female,"White/European descent,",4,"$80,001-90,000"
Family Swim 04/21/25 4:00-5:00pm,7,female,"White/European descent,",4,"$90,001+"
Family Swim 04/21/25 4:00-5:00pm,45,male,"White/European descent,",4,"$90,001+"
Family Swim 04/21/25 4:00-5:00pm,7,female,"White/European descent,",4,"$90,001+"
Family Swim 04/21/25 4:00-5:00pm,10,female,"White/European descent,",4,"$90,001+"
Family Swim 04/23/25 2:00-3:00pm,8,female,"White/European descent,",3,"$70,001-80,000"
Family Swim 04/23/25 2:00-3:00pm,44,female,"Hispanic/Latino/Latinx (e.g. identify as Hispanic or Latino with ties to Latin America, can be any race)",3,"$70,001-80,000"
Family Swim 04/23/25 2:00-3:00pm,39,male,"White/European descent,",3,"$60,001-70,000"
Family Swim 04/23/25 2:00-3:00pm,10,female,Black/African-American (having origins in Sub-Saharan Africa,3,"<$10,000"
Family Swim 04/23/25 2:00-3:00pm,33,male,"White/European descent,",3,"$90,001+"
Family Swim 04/23/25 2:00-3:00pm,8,female,"White/European descent,",3,"$90,001+"
Family Swim 04/23/25 2:00-3:00pm,6,male,Black/African-American (having origins in Sub-Saharan Africa,7,"<$10,000"
Family Swim 04/23/25 2:00-3:00pm,8,female,Black/African-American (having origins in Sub-Saharan Africa,7,"<$10,000"
Family Swim 04/23/25 2:00-3:00pm,10,male,Black/African-American (having origins in Sub-Saharan Africa,7,"<$10,000"
Family Swim 04/23/25 2:00-3:00pm,7,female,Black/African-American (having origins in Sub-Saharan Africa,7,"<$10,000"
Family Swim 04/23/25 2:00-3:00pm,9,female,Black/African-American (having origins in Sub-Saharan Africa,7,"<$10,000"
Family Swim 04/23/25 2:00-3:00pm,75,female,"White/European descent,",1,"$90,001+"
Family Swim 04/23/25 6:00-7:00pm,12,female,"White/European descent,",2,"$40,001-50,000"
Family Swim 04/23/25 6:00-7:00pm,9,female,Black/African-American (having origins in Sub-Saharan Africa,3,"<$10,000"
Family Swim 04/23/25 6:00-7:00pm,10,male,Black/African-American (having origins in Sub-Saharan Africa,3,"$10,001-20,000"
Family Swim 04/23/25 6:00-7:00pm,15,male,"White/European descent,",4,"$40,001-50,000"
Family Swim 04/23/25 6:00-7:00pm,69,female,"White/European descent,",2,"$40,001-50,000"
Family Swim 04/23/25 6:00-7:00pm,12, male,"White/European descent,",4,"$40,001-50,000"
Family Swim 04/23/25 6:00-7:00pm,4,male,"White/European descent,",4,"<$10,000"
Family Swim 04/23/25 6:00-7:00pm,64,female,"White/European descent,",4,"$60,001-70,000"
Family Swim 04/23/25 6:00-7:00pm,17,female,"White/European descent,",4,"$30,001-40,000"
Family Swim 04/23/25 6:00-7:00pm,11,male,"White/European descent,",4,"$40,001-50,000"
Family Swim 04/23/25 6:00-7:00pm,17,male,"White/European descent,",4,"$30,001-40,000"
 Family Swim 04/24/25 12:00-1:00pm,17,male,black/African-American (having origins in Sub-Saharan Africa,7,"<$10,000"
 Family Swim 04/24/25 12:00-1:00pm,17,male,Black/African-American (having origins in Sub-Saharan Africa,6,"<$10,000"
 Family Swim 04/24/25 12:00-1:00pm,17,male,black/African-American (having origins in Sub-Saharan Africa,4,"<$10,000"
 Family Swim 04/24/25 12:00-1:00pm,17,male,black/African-American (having origins in Sub-Saharan Africa,5,"<$10,000"
 Family Swim 04/24/25 12:00-1:00pm,17,male,black/African-American (having origins in Sub-Saharan Africa,4,"<$10,000"
 Family Swim 04/24/25 12:00-1:00pm,17,male,black/African-American (having origins in Sub-Saharan Africa,4,"<$10,000"
Family Swim 04/25/25 5:00-6:00pm,14,male,black/African-American (having origins in Sub-Saharan Africa,4,"$50,001-60,000"
Family Swim 04/25/25 5:00-6:00pm,24,male,black/African-American (having origins in Sub-Saharan Africa,2,"$20,001-30,000"
Family Swim 04/25/25 5:00-6:00pm,20,male,black/African-American (having origins in Sub-Saharan Africa,4,"$40,001-50,000"
Family Swim 04/25/25 5:00-6:00pm,6,female,"White/European descent,",4,"$90,001+"
Family Swim 04/25/25 5:00-6:00pm,40,female,"White/European descent,",4,"$90,001+"
Family Swim 04/25/25 5:00-6:00pm,10,male,"White/European descent,",4,"$90,001+"
Family Swim 04/25/25 5:00-6:00pm,39,male,"White/European descent,",5,"$90,001+"
Family Swim 04/25/25 5:00-6:00pm,7,female,"White/European descent,",5,"$90,001+"
Family Swim 04/25/25 5:00-6:00pm,17,male,"White/European descent,",5,"$90,001+"
Family Swim 04/25/25 5:00-6:00pm,6,female,"White/European descent,",3,"$70,001-80,000"
Family Swim 04/25/25 5:00-6:00pm,12,female,"White/European descent,",3,"$70,001-80,000"
Family Swim 04/25/25 5:00-6:00pm,8,female,"White/European descent,",4,"$90,001+"
Family Swim 04/25/25 5:00-6:00pm,9,female,"White/European descent,",4,"$90,001+"
Family Swim 04/25/25 5:00-6:00pm,6,male,"White/European descent,",4,"$70,001-80,000"
Family Swim 04/25/25 5:00-6:00pm,2,male,"White/European descent,",4,"$70,001-80,000"
Family Swim 04/25/25 5:00-6:00pm,39,female,"White/European descent,",4,"$70,001-80,000"
Family Swim 04/25/25 5:00-6:00pm,47,male,"White/European descent,",4,"$70,001-80,000"
Family Swim 04/25/25 6:00-7:00pm,12,female,"White/European descent,",2,"$40,001-50,000"
Family Swim 04/25/25 6:00-7:00pm,9,female,black/African-American (having origins in Sub-Saharan Africa,3,"<$10,000"
Family Swim 04/25/25 6:00-7:00pm,10,male,black/African-American (having origins in Sub-Saharan Africa,3,"$10,001-20,000"
Family Swim 04/25/25 6:00-7:00pm,15,male,"White/European descent,",4,"$40,001-50,000"
Family Swim 04/25/25 6:00-7:00pm,69,female,"white/European descent,",2,"$40,001-50,000"
Family Swim 04/25/25 6:00-7:00pm,12,male,"white/European descent,",4,"$40,001-50,000"
Family Swim 04/25/25 6:00-7:00pm,4,male,"white/European descent,",4,"<$10,000"
Family Swim 04/25/25 6:00-7:00pm,64,female,"white/European descent,",4,"$60,001-70,000"
Family Swim 04/25/25 6:00-7:00pm,17,female,"white/European descent,",4,"$30,001-40,000"
Family Swim 04/25/25 6:00-7:00pm,11,male,"white/European descent,",4,"$40,001-50,000"
Family Swim 04/25/25 6:00-7:00pm,17,male,"white/European descent,",4,"$30,001-40,000"
Family Swim 04/24/25 12:00-1:00pm,17,male,black/African-American (having origins in Sub-Saharan Africa,7,"<$10,000"
Family Swim 04/24/25 12:00-1:00pm,17,male,black/African-American (having origins in Sub-Saharan Africa,6,"<$10,000"
Family Swim 04/24/25 12:00-1:00pm,17,male,black/African-American (having origins in Sub-Saharan Africa,4,"<$10,000"
Family Swim 04/24/25 12:00-1:00pm,17,male,black/African-American (having origins in Sub-Saharan Africa,5,"<$10,000"
Family Swim 04/24/25 12:00-1:00pm,17,male,black/African-American (having origins in Sub-Saharan Africa,4,"<$10,000"
Family Swim 04/24/25 12:00-1:00pm,17,male,black/African-American (having origins in Sub-Saharan Africa,4,"<$10,000"
Family Swim 04/25/25 5:00-6:00pm,14,male,black/African-American (having origins in Sub-Saharan Africa,4,"$50,001-60,000"
Family Swim 04/25/25 5:00-6:00pm,24,male,black/African-American (having origins in Sub-Saharan Africa,2,"$20,001-30,000"
Family Swim 04/25/25 5:00-6:00pm,20,male,black/African-American (having origins in Sub-Saharan Africa,4,"$40,001-50,000"
Family Swim 04/25/25 5:00-6:00pm,6,female,"white/European descent,",4,"$90,001+"
Family Swim 04/25/25 5:00-6:00pm,40,female,"White/European descent,",4,"$90,001+"
Family Swim 04/25/25 5:00-6:00pm,10, male,"white/European descent,",4,"$90,001+"
Family Swim 04/25/25 5:00-6:00pm,39,male,"white/European descent,",5,"$90,001+"
Family Swim 04/25/25 5:00-6:00pm,7,female,"white/European descent,",5,"$90,001+"
Family Swim 04/25/25 5:00-6:00pm,17,male,"white/European descent,",5,"$90,001+"
Family Swim 04/25/25 5:00-6:00pm,6,female,"white/European descent,",3,"$70,001-80,000"
Family Swim 04/25/25 5:00-6:00pm,12,female,"white/European descent,",3,"$70,001-80,000"
Family Swim 04/25/25 5:00-6:00pm,8,female,"white/European descent,",4,"$90,001+"
Family Swim 04/25/25 5:00-6:00pm,9,female,"white/European descent,",4,"$90,001+"
Family Swim 04/25/25 5:00-6:00pm,6,male,"white/European descent,",4,"$70,001-80,000"
Family Swim 04/25/25 5:00-6:00pm,2,male,"white/European descent,",4,"$70,001-80,000"
Family Swim 04/25/25 5:00-6:00pm,39,female,"white/European descent,",4,"$70,001-80,000"
Family Swim 04/25/25 5:00-6:00pm,47,male,"white/European descent,",4,"$70,001-80,000"
Family Swim 04/25/25 6:00-7:00pm,14,male,Black/African-American (having origins in Sub-Saharan Africa,4,"$50,001-60,000"
Family Swim 04/25/25 6:00-7:00pm,22,male,Black/African-American (having origins in Sub-Saharan Africa,4,"$40,001-50,000"
Family Swim 04/25/25 6:00-7:00pm,20,male,black/African-American (having origins in Sub-Saharan Africa,4,"$40,001-50,000"
Family Swim 04/25/25 6:00-7:00pm,24,male,"white/European descent,",3,"$10,001-20,000"
Family Swim 04/25/25 6:00-7:00pm,39,male,"white/European descent,",4,"$70,001-80,000"
Family Swim 04/25/25 6:00-7:00pm,11,male,"white/European descent,",4,"$70,001-80,000"
Family Swim 04/25/25 6:00-7:00pm,10,male,"white/European descent,",4,"$70,001-80,000"
Family Swim 04/25/25 6:00-7:00pm,27,female,"white/European descent,",4,"$70,001-80,000"
Family Swim 05/02/25 5:00-6:00pm,21,male,black/African-American (having origins in Sub-Saharan Africa,9 or more,"$70,001-80,000"
Family Swim 05/02/25 5:00-6:00pm,17,male,black/African-American (having origins in Sub-Saharan Africa,7,"<$10,000"
Family Swim 05/02/25 5:00-6:00pm,17,male,black/African-American (having origins in Sub-Saharan Africa,6,"<$10,000"
Family Swim 05/02/25 5:00-6:00pm,17,male,black/African-American (having origins in Sub-Saharan Africa,4,"<$10,000"
Family Swim 05/02/25 5:00-6:00pm,17,male,black/African-American (having origins in Sub-Saharan Africa,5,"<$10,000"
Family Swim 05/02/25 5:00-6:00pm,17,male,black/African-American (having origins in Sub-Saharan Africa,4,"<$10,000"
Family Swim 05/02/25 5:00-6:00pm,17,male,black/African-American (having origins in Sub-Saharan Africa,9 or more,"<$10,000"
Family Swim 05/02/25 5:00-6:00pm,16,female,black/African-American (having origins in Sub-Saharan Africa,3,"$10,001-20,000"
Family Swim 05/02/25 5:00-6:00pm,6,female,"white/European descent,",4,"$90,001+"
Family Swim 05/02/25 5:00-6:00pm,40,female,"white/European descent,",4,"$90,001+"
Family Swim 05/02/25 5:00-6:00pm,10,male,"white/European descent,",4,"$90,001+"
Family Swim 05/02/25 5:00-6:00pm,24,male,"white/European descent,",3,"$10,001-20,000"
Family Swim 05/04/2025 12pm-1:00pm,8,male,"white/European descent,",3,"$90,001+"
Family Swim 05/04/2025 12pm-1:00pm,69,female,"white/European descent,",4,"$90,001+"
Family Swim 05/04/2025 12pm-1:00pm,40,male,"White/European descent,",4,"$90,001+"
Family Swim 05/04/2025 12pm-1:00pm,4,male,"white/European descent,",4,"$90,001+"
Family Swim 05/04/2025 12pm-1:00pm,37,male,"white/European descent,",1,"$80,001-90,000"
Family Swim 05/04/2025 12pm-1:00pm,7,female,"White/European descent, Black/African-American (having origins in Sub-Saharan Africa), Asian (e.g. Central Asian, East Asian, South Asian, Southeast Asian),",7,"$50,001-60,000"
Family Swim 05/04/2025 12pm-1:00pm,18,non-binary,black/African-American (having origins in Sub-Saharan Africa,5,"$40,001-50,000"
Family Swim 05/04/2025 12pm-1:00pm,24,male,"White/European descent,",2,"$80,001-90,000"
Family Swim 05/04/2025 12pm-1:00pm,57,male,"White/European descent,",2,"$80,001-90,000"
Family Swim 05/04/2025 12pm-1:00pm,5,male,black/African-American (having origins in Sub-Saharan Africa,5,"$40,001-50,000"
Family Swim 05/04/2025 12pm-1:00pm,14,female,"White/European descent,",5,"<$10,000"
Family Swim 05/04/2025 12pm-1:00pm,41,female,"White/European descent,",5,"$10,001-20,000"
Family Swim 05/04/2025 12pm-1:00pm,14,male,Black/African-American (having origins in Sub-Saharan Africa,5,"$20,001-30,000"
Family Swim 05/04/2025 12pm-1:00pm,7,male,"White/European descent,",5,"$10,001-20,000"
Family Swim 05/09/25 5:00-6:00pm,37,female,"White/European descent,",1,"$80,001-90,000"
Family Swim 05/09/25 5:00-6:00pm,7,female,"White/European descent, Black/African-American (having origins in Sub-Saharan Africa), Asian (e.g. Central Asian, East Asian, South Asian, Southeast Asian),",7,"$50,001-60,000"
Family Swim 05/09/25 5:00-6:00pm,24,male,"White/European descent,",3,"$10,001-20,000"
Family Swim 05/09/25 5:00-6:00pm,41,female,"White/European descent,",4,"$50,001-60,000"
Family Swim 05/09/25 5:00-6:00pm,9,female,"White/European descent,",4,"<$10,000"
Family Swim 05/09/25 5:00-6:00pm,7,male,"White/European descent,",4,"<$10,000"
Family Swim 05/09/25 5:00-6:00pm,44,male,"White/European descent,",4,"$60,001-70,000"
Family Swim 05/09/25 6:00-7:00pm,47,female,"White/European descent,",3,"$40,001-50,000"
Family Swim 05/09/25 6:00-7:00pm,11,female,"White/European descent,",3,"$40,001-50,000"
Family Swim 05/09/25 6:00-7:00pm,17,female,black/African-American (having origins in Sub-Saharan Africa,5,"<$10,000"
Family Swim 05/09/25 6:00-7:00pm,39,male,"White/European descent,",4,"$70,001-80,000"
Family Swim 05/09/25 6:00-7:00pm,11,male,"White/European descent,",4,"$70,001-80,000"
Family Swim 05/09/25 6:00-7:00pm,10,male,"White/European descent,",4,"$70,001-80,000"
Family Swim 05/09/25 6:00-7:00pm,27,female,"White/European descent,",4,"$70,001-80,000"
 Family Swim 05/11/2025 12pm-1:00pm,46,female,"White/European descent,",3,"$90,001+"
 Family Swim 05/11/2025 12pm-1:00pm,7,female,"White/European descent, Black/African-American (having origins in Sub-Saharan Africa), Asian (e.g. Central Asian, East Asian, South Asian, Southeast Asian)",7,"$50,001-60,000"
 Family Swim 05/11/2025 12pm-1:00pm,11,female,Multiracial,5,"$40,001-50,000"
 Family Swim 05/11/2025 12pm-1:00pm,37,female,Multiracial,5,"$40,001-50,000"
 Family Swim 05/11/2025 12pm-1:00pm,39,male,Multiracial,5,"$40,001-50,000"
 Family Swim 05/11/2025 12pm-1:00pm,3,male,Multiracial,5,"$40,001-50,000"
 Family Swim 05/11/2025 12pm-1:00pm,6,female,Multiracial,5,"$40,001-50,000"
 Family Swim 05/11/2025 12pm-1:00pm,12,male,"White/European descent,",5,"$80,001-90,000"
 Family Swim 05/11/2025 12pm-1:00pm,40,male,"White/European descent,",3,"$90,001+"
 Family Swim 05/11/2025 12pm-1:00pm,8,male,"White/European descent,",3,"$90,001+"
 Family Swim 05/11/2025 12pm-1:00pm,24,male,"White/European descent,",2,"$80,001-90,000"
 Family Swim 05/11/2025 12pm-1:00pm,57,male,"White/European descent,",2,"$80,001-90,000"
 Family Swim 05/11/2025 12pm-1:00pm,14,female,"White/European descent,",5,"<$10,000"
 Family Swim 05/11/2025 12pm-1:00pm,41,female,"White/European descent,",5,"$10,001-20,000"
 Family Swim 05/11/2025 12pm-1:00pm,9,female,"White/European descent,",5,"$80,001-90,000"
 Family Swim 05/11/2025 12pm-1:00pm,14,male,black/African-American (having origins in Sub-Saharan Africa,5,"$20,001-30,000"
 Family Swim 05/11/2025 12pm-1:00pm,7,male,"White/European descent,",5,"$10,001-20,000"
Family Swim 05/16/25 5:00-6:00pm,17,male,black/African-American (having origins in Sub-Saharan Africa,7,"<$10,000"
Family Swim 05/16/25 5:00-6:00pm,17,male,black/African-American (having origins in Sub-Saharan Africa,6,"<$10,000"
Family Swim 05/16/25 5:00-6:00pm,17,male,black/African-American (having origins in Sub-Saharan Africa,4,"<$10,000"
Family Swim 05/16/25 5:00-6:00pm,17,male,black/African-American (having origins in Sub-Saharan Africa,5,"<$10,000"
Family Swim 05/16/25 5:00-6:00pm,17,male,black/African-American (having origins in Sub-Saharan Africa,4,"<$10,000"
Family Swim 05/16/25 5:00-6:00pm,17,male,black/African-American (having origins in Sub-Saharan Africa,9 or more,"<$10,000"
Family Swim 05/16/25 5:00-6:00pm,24,male,"white/European descent,",3,"$10,001-20,000"
Family Swim 05/09/25 6:00-7:00pm,47,female,"white/European descent,",3,"$40,001-50,000"
Family Swim 05/09/25 6:00-7:00pm,11,female,"white/European descent,",3,"$40,001-50,000"
Family Swim 05/09/25 6:00-7:00pm,17,female,black/African-American (having origins in Sub-Saharan Africa,5,"<$10,000"
Family Swim 05/09/25 6:00-7:00pm,39,male,"white/European descent,",4,"$70,001-80,000"
Family Swim 05/09/25 6:00-7:00pm,11,male,"white/European descent,",4,"$70,001-80,000"
Family Swim 05/09/25 6:00-7:00pm,10,male,"white/European descent,",4,"$70,001-80,000"
Family Swim 05/09/25 6:00-7:00pm,27,female,"white/European descent,",4,"$70,001-80,000"
 Family Swim 05/11/2025 12pm-1:00pm,46,female,"white/European descent,",3,"$90,001+"
 Family Swim 05/11/2025 12pm-1:00pm,7,female,"White/European descent, Black/African-American (having origins in Sub-Saharan Africa), Asian (e.g. Central Asian, East Asian, South Asian, Southeast Asian),",7,"$50,001-60,000"
 Family Swim 05/11/2025 12pm-1:00pm,11,female,Multiracial,5,"$40,001-50,000"
 Family Swim 05/11/2025 12pm-1:00pm,37,female,Multiracial,5,"$40,001-50,000"
 Family Swim 05/11/2025 12pm-1:00pm,39,male,Multiracial,5,"$40,001-50,000"
 Family Swim 05/11/2025 12pm-1:00pm,3,male,Multiracial,5,"$40,001-50,000"
 Family Swim 05/11/2025 12pm-1:00pm,6,female,Multiracial,5,"$40,001-50,000"
 Family Swim 05/11/2025 12pm-1:00pm,12,male,"white/European descent,",5,"$80,001-90,000"
 Family Swim 05/11/2025 12pm-1:00pm,40,male,"white/European descent,",3,"$90,001+"
 Family Swim 05/11/2025 12pm-1:00pm,8,male,"white/European descent,",1,"$90,001+"
 Family Swim 05/11/2025 12pm-1:00pm,24,male,"white/European descent,",2,"$80,001-90,000"
 Family Swim 05/11/2025 12pm-1:00pm,57,male,"white/European descent,",2,"$80,001-90,000"
 Family Swim 05/11/2025 12pm-1:00pm,14,female,"white/European descent,",5,"<$10,000"
 Family Swim 05/11/2025 12pm-1:00pm,41,male,"white/European descent,",5,"$10,001-20,000"
 Family Swim 05/11/2025 12pm-1:00pm,9,female,"white/European descent,",5,"$80,001-90,000"
 Family Swim 05/11/2025 12pm-1:00pm,14,male,black/African-American (having origins in Sub-Saharan Africa,5,"$20,001-30,000"
 Family Swim 05/11/2025 12pm-1:00pm,7,male,"white/European descent,",5,"$10,001-20,000"
Family Swim 05/16/25 5:00-6:00pm,17,male,black/African-American (having origins in Sub-Saharan Africa,7,"<$10,000"
Family Swim 05/16/25 5:00-6:00pm,17,male,black/African-American (having origins in Sub-Saharan Africa,6,"<$10,000"
Family Swim 05/16/25 5:00-6:00pm,17,male,black/African-American (having origins in Sub-Saharan Africa,4,"<$10,000"
Family Swim 05/16/25 5:00-6:00pm,17,male,black/African-American (having origins in Sub-Saharan Africa,5,"<$10,000"
Family Swim 05/16/25 5:00-6:00pm,17,male,black/African-American (having origins in Sub-Saharan Africa,4,"<$10,000"
Family Swim 05/16/25 5:00-6:00pm,17,male,black/African-American (having origins in Sub-Saharan Africa,4,"<$10,000"
Family Swim 05/16/25 5:00-6:00pm,17,male,black/African-American (having origins in Sub-Saharan Africa,9 or more,"<$10,000"
Family Swim 05/16/25 5:00-6:00pm,24,male,"white/European descent,",3,"$10,001-20,000"
Family Swim 05/18/2025 12pm-1:00pm,13,female,"white/European descent,",4,"$40,001-50,000"
Family Swim 05/18/2025 12pm-1:00pm,11,female,"white/European descent,",4,"$40,001-50,000"
Family Swim 05/18/2025 12pm-1:00pm,37,female,"white/European descent,",1,"$80,001-90,000"
Family Swim 05/18/2025 12pm-1:00pm,7,female,"White/European descent, Black/African-American (having origins in Sub-Saharan Africa), Asian (e.g. Central Asian, East Asian, South Asian, Southeast Asian),",7,"$50,001-60,000"
Family Swim 05/18/2025 12pm-1:00pm,30,female,"white/European descent,",2,"$30,001-40,000"
Family Swim 05/18/2025 12pm-1:00pm,17,female,"white/European descent,",3,"$30,001-40,000"
Family Swim 05/18/2025 12pm-1:00pm,7,male,"white/European descent,",2,"$30,001-40,000"
Family Swim 05/18/2025 12pm-1:00pm,24,male,"white/European descent,",2,"$80,001-90,000"
Family Swim 05/18/2025 12pm-1:00pm,57,male,"white/European descent,",2,"$80,001-90,000"
 Family Swim 05/23/25 5:00-6:00pm,17,male,black/African-American (having origins in Sub-Saharan Africa,7,"<$10,000"
 Family Swim 05/23/25 5:00-6:00pm,17,male,black/African-American (having origins in Sub-Saharan Africa,6,"<$10,000"
 Family Swim 05/23/25 5:00-6:00pm,17,male,black/African-American (having origins in Sub-Saharan Africa,4,"<$10,000"
 Family Swim 05/23/25 5:00-6:00pm,17,male,black/African-American (having origins in Sub-Saharan Africa,5,"<$10,000"
 Family Swim 05/23/25 5:00-6:00pm,17,male,black/African-American (having origins in Sub-Saharan Africa,4,"<$10,000"
 Family Swim 05/23/25 5:00-6:00pm,9,male,"white/European descent,",3,"$30,001-40,000"
 Family Swim 05/23/25 5:00-6:00pm,24,male,"white/European descent,",3,"$30,001-40,000"
 Family Swim 05/23/25 5:00-6:00pm,39,female,"white/European descent,",2,"$40,001-50,000"
Family Swim 05/25/2025 12pm-1:00pm,12,female,"White/European descent,",2,"$40,001-50,000"
Family Swim 05/25/2025 12pm-1:00pm,69,female,"White/European descent,",3,"$90,001+"
Family Swim 05/25/2025 12pm-1:00pm,46,female,"White/European descent,",3,"$90,001+"
Family Swim 05/25/2025 12pm-1:00pm,8,male,"White/European descent,",1,"$90,001+"
Family Swim 05/25/2025 12pm-1:00pm,15,male,"White/European descent,",4,"$40,001-50,000"
Family Swim 05/25/2025 12pm-1:00pm,69,female,"White/European descent,",2,"$40,001-50,000"
Family Swim 05/25/2025 12pm-1:00pm,12,male,"White/European descent,",4,"$40,001-50,000"
Family Swim 05/25/2025 12pm-1:00pm,24,male,"White/European descent,",2,"$80,001-90,000"
Family Swim 05/25/2025 12pm-1:00pm,57,male,"White/European descent,",2,"$80,001-90,000"
Family Swim 05/25/2025 12pm-1:00pm,11,male,"White/European descent,",4,"$40,001-50,000"
Family Swim 05/30/25 5:00-6:00pm,69,female,"White/European descent,",3,"$90,001+"
Family Swim 05/30/25 5:00-6:00pm,46,female,"White/European descent,",3,"$90,001+"
Family Swim 05/30/25 5:00-6:00pm,9,male,"White/European descent,",3,"$30,001-40,000"
Family Swim 05/30/25 5:00-6:00pm,7,female,"White/European descent,",2,"$20,001-30,000"
Family Swim 05/30/25 5:00-6:00pm,6,female,"White/European descent,",4,"$90,001+"
Family Swim 05/30/25 5:00-6:00pm,40,female,"White/European descent,",4,"$90,001+"
Family Swim 05/30/25 5:00-6:00pm,10,male,"White/European descent,",4,"$90,001+"
Family Swim 05/30/25 5:00-6:00pm,8,male,"White/European descent,",1,"$90,001+"
Family Swim 05/30/25 5:00-6:00pm,24,male,"White/European descent,",3,"$10,001-20,000"
 Family Swim 06/06/25 5:00-6:00pm,44,male,black/African-American (having origins in Sub-Saharan Africa,9 or more,"$60,001-70,000"
 Family Swim 06/06/25 5:00-6:00pm,13,male,black/African-American (having origins in Sub-Saharan Africa,9 or more,"$60,001-70,000"
 Family Swim 06/06/25 5:00-6:00pm,6,male,black/African-American (having origins in Sub-Saharan Africa,9 or more,"$60,001-70,000"
 Family Swim 06/06/25 5:00-6:00pm,12,male,black/African-American (having origins in Sub-Saharan Africa,9 or more,"$60,001-70,000"
 Family Swim 06/06/25 5:00-6:00pm,8,male,black/African-American (having origins in Sub-Saharan Africa,9 or more,"$60,001-70,000"
 Family Swim 06/06/25 5:00-6:00pm,46,female,"White/European descent,",3,"$90,001+"
 Family Swim 06/06/25 5:00-6:00pm,40,male,"White/European descent,",3,"$90,001+"
 Family Swim 06/06/25 5:00-6:00pm,8,male,"White/European descent,",1,"$90,001+"
 Family Swim 06/06/25 5:00-6:00pm,24,male,"White/European descent,",3,"$10,001-20,000"
 Family Swim 06/06/25 5:00-6:00pm,41,female,"White/European descent,",4,"$50,001-60,000"
 Family Swim 06/06/25 5:00-6:00pm,9,female,"White/European descent,",4,"<$10,000"
 Family Swim 06/06/25 5:00-6:00pm,7,male,"White/European descent,",4,"<$10,000"
 Family Swim 06/06/25 5:00-6:00pm,45,male,"White/European descent,",4,"$60,001-70,000"
 Family Swim 06/13/25 4:00-5:00pm,44,male,black/African-American (having origins in Sub-Saharan Africa,9 or more,"$60,001-70,000"
 Family Swim 06/13/25 4:00-5:00pm,13,male,black/African-American (having origins in Sub-Saharan Africa,9 or more,"$60,001-70,000"
 Family Swim 06/13/25 4:00-5:00pm,6,male,black/African-American (having origins in Sub-Saharan Africa,9 or more,"$60,001-70,000"
 Family Swim 06/13/25 4:00-5:00pm,12,female,black/African-American (having origins in Sub-Saharan Africa,9 or more,"$60,001-70,000"
 Family Swim 06/13/25 4:00-5:00pm,8,female,black/African-American (having origins in Sub-Saharan Africa,9 or more,"$60,001-70,000"
 Family Swim 06/13/25 4:00-5:00pm,46,female,"White/European descent,",3,"$90,001+"
 Family Swim 06/13/25 4:00-5:00pm,8,male,"White/European descent,",1,"$90,001+"
Family Swim 06/13/25 5:00-6:00pm,7,male,black/African-American (having origins in Sub-Saharan Africa,3,"$30,001-40,000"
Family Swim 06/13/25 5:00-6:00pm,17,male,black/African-American (having origins in Sub-Saharan Africa,7,"<$10,000"
Family Swim 06/13/25 5:00-6:00pm,17,male,black/African-American (having origins in Sub-Saharan Africa,6,"<$10,000"
Family Swim 06/13/25 5:00-6:00pm,17,male,black/African-American (having origins in Sub-Saharan Africa,4,"<$10,000"
Family Swim 06/13/25 5:00-6:00pm,17,male,black/African-American (having origins in Sub-Saharan Africa,5,"<$10,000"
Family Swim 06/13/25 5:00-6:00pm,17,male,black/African-American (having origins in Sub-Saharan Africa,4,"<$10,000"
Family Swim 06/13/25 5:00-6:00pm,20,female,black/African-American (having origins in Sub-Saharan Africa,2,"<$10,000"
Family Swim 06/13/25 5:00-6:00pm,13,female,black/African-American (having origins in Sub-Saharan Africa,2,"<$10,000"
Family Swim 06/13/25 5:00-6:00pm,6,female,black/African-American (having origins in Sub-Saharan Africa,3,"<$10,000"
Family Swim 06/13/25 5:00-6:00pm,42,female,black/African-American (having origins in Sub-Saharan Africa,6,"$30,001-40,000"
Family Swim 06/13/25 5:00-6:00pm,2,female,black/African-American (having origins in Sub-Saharan Africa,5,"<$10,000"
Family Swim 06/13/25 5:00-6:00pm,4,female,black/African-American (having origins in Sub-Saharan Africa,4,"$30,001-40,000"
Family Swim 06/13/25 5:00-6:00pm,6,female,black/African-American (having origins in Sub-Saharan Africa,3,"<$10,000"
Family Swim 06/13/25 5:00-6:00pm,10,female,black/African-American (having origins in Sub-Saharan Africa,6,"$30,001-40,000"
Family Swim 06/13/25 5:00-6:00pm,14,male,"white/European descent,",3,"$10,001-20,000"
Family Swim 06/13/25 5:00-6:00pm,25,female,black/African-American (having origins in Sub-Saharan Africa,1,"<$10,000"
Family Swim 06/13/25 5:00-6:00pm,34,female,"white/European descent,",4,"$30,001-40,000"
Family Swim 06/13/25 5:00-6:00pm,10,female,"white/European descent,",4,"$40,001-50,000"
Family Swim 06/13/25 5:00-6:00pm,48,male,black/African-American (having origins in Sub-Saharan Africa,3,"$40,001-50,000"
Family Swim 06/13/25 5:00-6:00pm,16,male,black/African-American (having origins in Sub-Saharan Africa,4,"$30,001-40,000"
Family Swim 06/13/25 5:00-6:00pm,24,male,"white/European descent,",3,"$10,001-20,000"
Family Swim 06/13/25 5:00-6:00pm,15,male,"white/European descent,",4,"$40,001-50,000"
Family Swim 06/15/25 2:30-3:30pm,17,male,black/African-American (having origins in Sub-Saharan Africa,7,"<$10,000"
Family Swim 06/15/25 2:30-3:30pm,33,male,black/African-American (having origins in Sub-Saharan Africa,5,"$20,001-30,000"
Family Swim 06/15/25 2:30-3:30pm,17,male,black/African-American (having origins in Sub-Saharan Africa,6,"<$10,000"
Family Swim 06/15/25 2:30-3:30pm,17,male,black/African-American (having origins in Sub-Saharan Africa,4,"<$10,000"
Family Swim 06/15/25 2:30-3:30pm,17,male,black/African-American (having origins in Sub-Saharan Africa,5,"<$10,000"
Family Swim 06/15/25 2:30-3:30pm,17,male,black/African-American (having origins in Sub-Saharan Africa,5,"<$10,000"
Family Swim 06/15/25 2:30-3:30pm,48,female,black/African-American (having origins in Sub-Saharan Africa,3,"$30,001-40,000"
Family Swim 06/15/25 2:30-3:30pm,17,male,black/African-American (having origins in Sub-Saharan Africa,9 or more,"<$10,000"
Family Swim 06/15/25 2:30-3:30pm,13,female,black/African-American (having origins in Sub-Saharan Africa,4,"<$10,000"
Family Swim 06/15/25 2:30-3:30pm,20,female,black/African-American (having origins in Sub-Saharan Africa,2,"<$10,000"
Family Swim 06/15/25 2:30-3:30pm,13,female,black/African-American (having origins in Sub-Saharan Africa,2,"<$10,000"
Family Swim 06/15/25 2:30-3:30pm,6,female,black/African-American (having origins in Sub-Saharan Africa,3,"<$10,000"
Family Swim 06/15/25 2:30-3:30pm,42,female,black/African-American (having origins in Sub-Saharan Africa,6,"$30,001-40,000"
Family Swim 06/15/25 2:30-3:30pm,2,female,black/African-American (having origins in Sub-Saharan Africa,5,"<$10,000"
Family Swim 06/15/25 2:30-3:30pm,4,female,black/African-American (having origins in Sub-Saharan Africa,4,"$30,001-40,000"
Family Swim 06/15/25 2:30-3:30pm,34,male,"white/European descent,",2,"$50,001-60,000"
Family Swim 06/15/25 2:30-3:30pm,25,female,black/African-American (having origins in Sub-Saharan Africa,1,"<$10,000"
Family Swim 06/15/25 2:30-3:30pm,19,female,black/African-American (having origins in Sub-Saharan Africa,5,"$10,001-20,000"
Family Swim 06/15/25 2:30-3:30pm,11,male,black/African-American (having origins in Sub-Saharan Africa,5,"$90,001+"
Family Swim 06/15/25 2:30-3:30pm,14,male,black/African-American (having origins in Sub-Saharan Africa,3,"$10,001-20,000"
Family Swim 06/17/25 5:00-6:00pm,3,female,black/African-American (having origins in Sub-Saharan Africa,6,"$10,001-20,000"
Family Swim 06/17/25 5:00-6:00pm,9,female,black/African-American (having origins in Sub-Saharan Africa,5,"<$10,000"
Family Swim 06/17/25 5:00-6:00pm,7,female,black/African-American (having origins in Sub-Saharan Africa,5,"<$10,000"
Family Swim 06/17/25 5:00-6:00pm,10,female,black/African-American (having origins in Sub-Saharan Africa,5,"<$10,000"
Family Swim 06/17/25 5:00-6:00pm,17,male,black/African-American (having origins in Sub-Saharan Africa,7,"<$10,000"
Family Swim 06/17/25 5:00-6:00pm,17,male,black/African-American (having origins in Sub-Saharan Africa,6,"<$10,000"
Family Swim 06/17/25 5:00-6:00pm,17,male,black/African-American (having origins in Sub-Saharan Africa,4,"<$10,000"
Family Swim 06/17/25 5:00-6:00pm,17,male,black/African-American (having origins in Sub-Saharan Africa,4,"<$10,000"
Family Swim 06/17/25 5:00-6:00pm,48,female,black/African-American (having origins in Sub-Saharan Africa,3,"$30,001-40,000"
Family Swim 06/17/25 5:00-6:00pm,18,female,black/African-American (having origins in Sub-Saharan Africa,3,"<$10,000"
Family Swim 06/17/25 5:00-6:00pm,20,female,black/African-American (having origins in Sub-Saharan Africa,2,"<$10,000"
Family Swim 06/17/25 5:00-6:00pm,13,female,black/African-American (having origins in Sub-Saharan Africa,2,"<$10,000"
Family Swim 06/17/25 5:00-6:00pm,6,female,black/African-American (having origins in Sub-Saharan Africa,3,"<$10,000"
Family Swim 06/17/25 5:00-6:00pm,42,female,black/African-American (having origins in Sub-Saharan Africa,6,"$30,001-40,000"
Family Swim 06/17/25 5:00-6:00pm,2,female,black/African-American (having origins in Sub-Saharan Africa,5,"<$10,000"
Family Swim 06/17/25 5:00-6:00pm,4,female,black/African-American (having origins in Sub-Saharan Africa,4,"$30,001-40,000"
Family Swim 06/17/25 5:00-6:00pm,7,female,"white/European descent,",2,"$20,001-30,000"
Family Swim 06/17/25 5:00-6:00pm,6,female,"white/European descent,",4,"$90,001+"
Family Swim 06/17/25 5:00-6:00pm,40,female,"white/European descent,",4,"$90,001+"
Family Swim 06/17/25 5:00-6:00pm,10,male,"white/European descent,",4,"$90,001+"
Family Swim 06/17/25 5:00-6:00pm,11,female,black/African-American (having origins in Sub-Saharan Africa,5,"<$10,000"
Family Swim 06/17/25 5:00-6:00pm,34,female,"Middle Eastern/North African (including the Middle East, North Africa, and the Arab world),",6,"$10,001-20,000"
Family Swim 06/17/25 5:00-6:00pm,19,female,black/African-American (having origins in Sub-Saharan Africa,5,
Family Swim 06/18/25 6:00-7:00pm,44,male,black/African-American (having origins in Sub-Saharan Africa,9 or more,"$60,001-70,000"
Family Swim 06/18/25 6:00-7:00pm,3,female,"Middle Eastern/North African (including the Middle East, North Africa, and the Arab world),",6,"$10,001-20,000"
Family Swim 06/18/25 6:00-7:00pm,7,female,black/African-American (having origins in Sub-Saharan Africa,5,"<$10,000"
Family Swim 06/18/25 6:00-7:00pm,13,male,black/African-American (having origins in Sub-Saharan Africa,9 or more,"$60,001-70,000"
Family Swim 06/18/25 6:00-7:00pm,6,male,black/African-American (having origins in Sub-Saharan Africa,9 or more,"$60,001-70,000"
Family Swim 06/18/25 6:00-7:00pm,12,female,black/African-American (having origins in Sub-Saharan Africa,9 or more,"$60,001-70,000"
Family Swim 06/18/25 6:00-7:00pm,8,female,black/African-American (having origins in Sub-Saharan Africa,9 or more,"$60,001-70,000"
Family Swim 06/18/25 6:00-7:00pm,10,female,black/African-American (having origins in Sub-Saharan Africa,5,"<$10,000"
Family Swim 06/18/25 6:00-7:00pm,8,female,black/African-American (having origins in Sub-Saharan Africa,9 or more,"$60,001-70,000"
Family Swim 06/18/25 6:00-7:00pm,69,female,"white/European descent,",4,"$90,001+"
Family Swim 06/18/25 6:00-7:00pm,8,female,"white/European descent,",3,"$10,001-20,000"
Family Swim 06/18/25 6:00-7:00pm,34,male,"Middle Eastern/North African (including the Middle East, North Africa, and the Arab world),",5,"$10,001-20,000"
Family Swim 06/18/25 6:00-7:00pm,34,female,"Middle Eastern/North African (including the Middle East, North Africa, and the Arab world),",6,"$10,001-20,000"
Family Swim 06/18/25 6:00-7:00pm,38,female,"White/European descent,",3,"$10,001-20,000"
Family Swim 06/18/25 6:00-7:00pm,6,female,"Middle Eastern/North African (including the Middle East, North Africa, and the Arab world),",5,"<$10,000"
Family Swim 06/18/25 6:00-7:00pm,8,female,"Middle Eastern/North African (including the Middle East, North Africa, and the Arab world),",5,"<$10,000"
Family Swim 06/18/25 6:00-7:00pm,3,female,"Middle Eastern/North African (including the Middle East, North Africa, and the Arab world),",5,"<$10,000"
Family Swim 06/18/25 6:00-7:00pm,14,female,"white/European descent,",3,"$10,001-20,000"
Family Swim 06/20/25 12:00-1:00pm,10,female,black/African-American (having origins in Sub-Saharan Africa,5,"<$10,000"
Family Swim 06/20/25 12:00-1:00pm,43,female,"white/European descent,",3,"<$10,000"
Family Swim 06/20/25 12:00-1:00pm,10,female,"white/European descent,",3,"<$10,000"
Family Swim 06/20/25 12:00-1:00pm,14,male,"white/European descent,",3,"$10,001-20,000"
Family Swim 06/20/25 12:00-1:00pm,24,male,"white/European descent,",3,"$10,001-20,000"
Family Swim 06/20/25 12:00-1:00pm,19,female,black/African-American (having origins in Sub-Saharan Africa,6,"$10,001-20,000"
Family Swim 06/20/25 12:00-1:00pm,5,female,"white/European descent,",7,"$50,001-60,000"
Family Swim 06/20/25 12:00-1:00pm,7,female,"white/European descent,",7,"$50,001-60,000"
Family Swim 06/20/25 12:00-1:00pm,3,female,"white/European descent,",7,"$60,001-70,000"
Family Swim 06/20/25 12:00-1:00pm,31,female,"white/European descent,",7,"$50,001-60,000"
Family Swim 06/20/25 12:00-1:00pm,9,female,"white/European descent,",7,"$50,001-60,000"
Family Swim 06/20/25 12:00-1:00pm,24,female,"white/European descent,",8,"$60,001-70,000"
Family Swim 06/20/25 12:00-1:00pm,1,female,"white/European descent,",8,"$60,001-70,000"
Family Swim 06/20/25 5:30-6:30pm,13,male,black/African-American (having origins in Sub-Saharan Africa,9 or more,"$60,001-70,000"
Family Swim 06/20/25 5:30-6:30pm,6,male,black/African-American (having origins in Sub-Saharan Africa,9 or more,"$60,001-70,000"
Family Swim 06/20/25 5:30-6:30pm,12,female,black/African-American (having origins in Sub-Saharan Africa,9 or more,"$60,001-70,000"
Family Swim 06/20/25 5:30-6:30pm,8,female,black/African-American (having origins in Sub-Saharan Africa,9 or more,"$60,001-70,000"
Family Swim 06/20/25 5:30-6:30pm,17,male,black/African-American (having origins in Sub-Saharan Africa,7,"<$10,000"
Family Swim 06/20/25 5:30-6:30pm,17,male,black/African-American (having origins in Sub-Saharan Africa,6,"<$10,000"
Family Swim 06/20/25 5:30-6:30pm,17,male,black/African-American (having origins in Sub-Saharan Africa,4,"<$10,000"
Family Swim 06/20/25 5:30-6:30pm,17,male,black/African-American (having origins in Sub-Saharan Africa,5,"<$10,000"
Family Swim 06/20/25 5:30-6:30pm,48,female,black/African-American (having origins in Sub-Saharan Africa,3,"$30,001-40,000"
Family Swim 06/20/25 5:30-6:30pm,14,male,black/African-American (having origins in Sub-Saharan Africa,4,"$50,001-60,000"
Family Swim 06/20/25 5:30-6:30pm,23,female,black/African-American (having origins in Sub-Saharan Africa,6,"$70,001-80,000"
Family Swim 06/20/25 5:30-6:30pm,16,male,black/African-American (having origins in Sub-Saharan Africa,6,"$20,001-30,000"
Family Swim 06/20/25 5:30-6:30pm,6,female,black/African-American (having origins in Sub-Saharan Africa,3,"<$10,000"
Family Swim 06/20/25 5:30-6:30pm,42,female,black/African-American (having origins in Sub-Saharan Africa,6,"$30,001-40,000"
Family Swim 06/20/25 5:30-6:30pm,2,female,black/African-American (having origins in Sub-Saharan Africa,5,"<$10,000"
Family Swim 06/20/25 5:30-6:30pm,4,female,black/African-American (having origins in Sub-Saharan Africa,4,"$30,001-40,000"
Family Swim 06/20/25 5:30-6:30pm,16,male,black/African-American (having origins in Sub-Saharan Africa,7,"$60,001-70,000"
Family Swim 06/20/25 5:30-6:30pm,10,male,black/African-American (having origins in Sub-Saharan Africa,5,"<$10,000"
Family Swim 06/20/25 5:30-6:30pm,11,male,black/African-American (having origins in Sub-Saharan Africa,5,"<$10,000"
Family Swim 06/20/25 5:30-6:30pm,17,male,black/African-American (having origins in Sub-Saharan Africa,8,"$10,001-20,000"
Family Swim 06/20/25 5:30-6:30pm,16,male,black/African-American (having origins in Sub-Saharan Africa,9 or more,"<$10,000"
Family Swim 06/20/25 5:30-6:30pm,38,female,black/African-American (having origins in Sub-Saharan Africa,9 or more,"<$10,000"
Family Swim 06/20/25 5:30-6:30pm,16,male,black/African-American (having origins in Sub-Saharan Africa,8,"$20,001-30,000"
Family Swim 06/20/25 5:30-6:30pm,13,female,black/African-American (having origins in Sub-Saharan Africa,8,"$20,001-30,000"
Family Swim 06/23/25 4:00-5:00pm,53,male,black/African-American (having origins in Sub-Saharan Africa,8,"$20,001-30,000"
Family Swim 06/23/25 4:00-5:00pm,10,female,black/African-American (having origins in Sub-Saharan Africa,4,"$20,001-30,000"
Family Swim 06/23/25 4:00-5:00pm,12,male,black/African-American (having origins in Sub-Saharan Africa,4,"$20,001-30,000"
Family Swim 06/23/25 4:00-5:00pm,37,male,black/African-American (having origins in Sub-Saharan Africa,5,"$20,001-30,000"
Family Swim 06/23/25 4:00-5:00pm,17,male,black/African-American (having origins in Sub-Saharan Africa,7,"<$10,000"
Family Swim 06/23/25 4:00-5:00pm,17,male,black/African-American (having origins in Sub-Saharan Africa,6,"<$10,000"
Family Swim 06/23/25 4:00-5:00pm,17,male,black/African-American (having origins in Sub-Saharan Africa,4,"<$10,000"
Family Swim 06/23/25 4:00-5:00pm,1,female,black/African-American (having origins in Sub-Saharan Africa,4,"$50,001-60,000"
Family Swim 06/23/25 4:00-5:00pm,7,female,black/African-American (having origins in Sub-Saharan Africa,3,"$30,001-40,000"
Family Swim 06/23/25 4:00-5:00pm,14,male,black/African-American (having origins in Sub-Saharan Africa,4,"$50,001-60,000"
Family Swim 06/23/25 4:00-5:00pm,22,male,black/African-American (having origins in Sub-Saharan Africa,4,"$40,001-50,000"
Family Swim 06/23/25 4:00-5:00pm,20,male,black/African-American (having origins in Sub-Saharan Africa,4,"$40,001-50,000"
Family Swim 06/23/25 4:00-5:00pm,13,female,black/African-American (having origins in Sub-Saharan Africa,2,"<$10,000"
Family Swim 06/23/25 4:00-5:00pm,6,female,black/African-American (having origins in Sub-Saharan Africa,3,"<$10,000"
Family Swim 06/23/25 4:00-5:00pm,42,female,black/African-American (having origins in Sub-Saharan Africa,6,"$30,001-40,000"
Family Swim 06/23/25 4:00-5:00pm,11,female,black/African-American (having origins in Sub-Saharan Africa,5,"$10,001-20,000"
Family Swim 06/23/25 4:00-5:00pm,14,male,black/African-American (having origins in Sub-Saharan Africa,5,"$10,001-20,000"
Family Swim 06/23/25 4:00-5:00pm,30,female,black/African-American (having origins in Sub-Saharan Africa,4,"$20,001-30,000"
Family Swim 06/23/25 4:00-5:00pm,4,male,black/African-American (having origins in Sub-Saharan Africa,5,"$20,001-30,000"
Family Swim 06/23/25 4:00-5:00pm,6,female,black/African-American (having origins in Sub-Saharan Africa,5,"$20,001-30,000"
Family Swim 06/23/25 4:00-5:00pm,8,female,black/African-American (having origins in Sub-Saharan Africa,5,"$30,001-40,000"
Family Swim 06/23/25 4:00-5:00pm,17,male,black/African-American (having origins in Sub-Saharan Africa,8,"$10,001-20,000"
Family Swim 06/23/25 4:00-5:00pm,24,male,"white/European descent,",3,"$10,001-20,000"
Family Swim 06/23/25 4:00-5:00pm,16,male,black/African-American (having origins in Sub-Saharan Africa,8,"$20,001-30,000"
Family Swim 06/23/25 4:00-5:00pm,13,female,black/African-American (having origins in Sub-Saharan Africa,8,"$20,001-30,000"
Family Swim 06/24/25 3:00-4:00pm,13,male,black/African-American (having origins in Sub-Saharan Africa,9 or more,"$60,001-70,000"
Family Swim 06/24/25 3:00-4:00pm,6,male,black/African-American (having origins in Sub-Saharan Africa,9 or more,"$60,001-70,000"
Family Swim 06/24/25 3:00-4:00pm,12,male,black/African-American (having origins in Sub-Saharan Africa,9 or more,"$60,001-70,000"
Family Swim 06/24/25 3:00-4:00pm,8,female,black/African-American (having origins in Sub-Saharan Africa,9 or more,"$60,001-70,000"
Family Swim 06/24/25 3:00-4:00pm,17,male,black/African-American (having origins in Sub-Saharan Africa,7,"<$10,000"
Family Swim 06/24/25 3:00-4:00pm,17,male,black/African-American (having origins in Sub-Saharan Africa,4,"<$10,000"
Family Swim 06/24/25 3:00-4:00pm,17,male,black/African-American (having origins in Sub-Saharan Africa,5,"<$10,000"
Family Swim 06/24/25 3:00-4:00pm,17,male,black/African-American (having origins in Sub-Saharan Africa,4,"<$10,000"
Family Swim 06/24/25 3:00-4:00pm,48,female,black/African-American (having origins in Sub-Saharan Africa,3,"$30,001-40,000"
Family Swim 06/24/25 3:00-4:00pm,1,female,black/African-American (having origins in Sub-Saharan Africa,4,"$50,001-60,000"
Family Swim 06/24/25 3:00-4:00pm,17, male,black/African-American (having origins in Sub-Saharan Africa,9 or more,"<$10,000"
Family Swim 06/24/25 3:00-4:00pm,22,male,black/African-American (having origins in Sub-Saharan Africa,4,"$40,001-50,000"
Family Swim 06/24/25 3:00-4:00pm,6,female,black/African-American (having origins in Sub-Saharan Africa,3,"<$10,000"
Family Swim 06/24/25 3:00-4:00pm,42,female,black/African-American (having origins in Sub-Saharan Africa,6,"$30,001-40,000"
Family Swim 06/24/25 3:00-4:00pm,13,male,"white/European descent,",5,"<$10,000"
Family Swim 06/24/25 3:00-4:00pm,14,male,"white/European descent,",5,"<$10,000"
Family Swim 06/24/25 3:00-4:00pm,38,female,"white/European descent,",5,"$80,001-90,000"
Family Swim 06/24/25 3:00-4:00pm,8,female,"white/European descent,",5,"<$10,000"
Family Swim 06/24/25 3:00-4:00pm,39,female,black/African-American (having origins in Sub-Saharan Africa,9 or more,"<$10,000"
Family Swim 06/24/25 3:00-4:00pm,17,male,black/African-American (having origins in Sub-Saharan Africa,4,"<$10,000"
Family Swim 06/25/25 3:00-4:00pm,13,male,black/African-American (having origins in Sub-Saharan Africa,9 or more,"$60,001-70,000"
Family Swim 06/25/25 3:00-4:00pm,6,male,black/African-American (having origins in Sub-Saharan Africa,9 or more,"$60,001-70,000"
Family Swim 06/25/25 3:00-4:00pm,12,female,black/African-American (having origins in Sub-Saharan Africa,9 or more,"$60,001-70,000"
Family Swim 06/25/25 3:00-4:00pm,8,female,black/African-American (having origins in Sub-Saharan Africa,9 or more,"$60,001-70,000"
Family Swim 06/25/25 3:00-4:00pm,11,male,black/African-American (having origins in Sub-Saharan Africa,5,"$40,001-50,000"
Family Swim 06/25/25 3:00-4:00pm,17,male,black/African-American (having origins in Sub-Saharan Africa,4,"<$10,000"
Family Swim 06/25/25 3:00-4:00pm,17,male,black/African-American (having origins in Sub-Saharan Africa,4,"<$10,000"
Family Swim 06/25/25 3:00-4:00pm,8,female,black/African-American (having origins in Sub-Saharan Africa,9 or more,"$60,001-70,000"
Family Swim 06/25/25 3:00-4:00pm,17,male,black/African-American (having origins in Sub-Saharan Africa,4,"<$10,000"
Family Swim 06/25/25 3:00-4:00pm,48,female,black/African-American (having origins in Sub-Saharan Africa,3,"$30,001-40,000"
Family Swim 06/25/25 3:00-4:00pm,22,male,black/African-American (having origins in Sub-Saharan Africa,4,"$40,001-50,000"
Family Swim 06/25/25 3:00-4:00pm,20,male,black/African-American (having origins in Sub-Saharan Africa,4,"$40,001-50,000"
Family Swim 06/25/25 3:00-4:00pm,6,female,black/African-American (having origins in Sub-Saharan Africa,3,"<$10,000"
Family Swim 06/25/25 3:00-4:00pm,42,female,black/African-American (having origins in Sub-Saharan Africa,6,"$30,001-40,000"
Family Swim 06/25/25 3:00-4:00pm,14,male,"white/European descent,",3,"$10,001-20,000"
Family Swim 06/25/25 3:00-4:00pm,17,male,black/African-American (having origins in Sub-Saharan Africa,4,"<$10,000"
Family Swim 06/25/25 3:00-4:00pm,19,male,black/African-American (having origins in Sub-Saharan Africa,5,"$40,001-50,000"
Family Swim 06/25/25 3:00-4:00pm,24,male,"white/European descent,",3,"$10,001-20,000"
Family Swim 06/25/25 3:00-4:00pm,17,male,black/African-American (having origins in Sub-Saharan Africa,4,"<$10,000"
Family Swim 06/27/25 4:00-5:00pm,38,male,black/African-American (having origins in Sub-Saharan Africa,5,"$10,001-20,000"
Family Swim 06/27/25 4:00-5:00pm,17,male,black/African-American (having origins in Sub-Saharan Africa,4,"<$10,000"
Family Swim 06/27/25 4:00-5:00pm,33,female,black/African-American (having origins in Sub-Saharan Africa,5,"$20,001-30,000"
Family Swim 06/27/25 4:00-5:00pm,17,male,black/African-American (having origins in Sub-Saharan Africa,4,"<$10,000"
Family Swim 06/27/25 4:00-5:00pm,17,male,black/African-American (having origins in Sub-Saharan Africa,4,"<$10,000"
Family Swim 06/27/25 4:00-5:00pm,7,female,black/African-American (having origins in Sub-Saharan Africa,3,"$30,001-40,000"
Family Swim 06/27/25 4:00-5:00pm,1,female,black/African-American (having origins in Sub-Saharan Africa,4,"$50,001-60,000"
Family Swim 06/27/25 4:00-5:00pm,7,female,black/African-American (having origins in Sub-Saharan Africa,3,"$30,001-40,000"
Family Swim 06/27/25 4:00-5:00pm,17,male,black/African-American (having origins in Sub-Saharan Africa,9 or more,"<$10,000"
Family Swim 06/27/25 4:00-5:00pm,12,male,black/African-American (having origins in Sub-Saharan Africa,1,"<$10,000"
Family Swim 06/27/25 4:00-5:00pm,6,female,black/African-American (having origins in Sub-Saharan Africa,3,"<$10,000"
Family Swim 06/27/25 4:00-5:00pm,42,female,black/African-American (having origins in Sub-Saharan Africa,6,"$30,001-40,000"
Family Swim 06/27/25 4:00-5:00pm,16,male,black/African-American (having origins in Sub-Saharan Africa,7,"$60,001-70,000"
Family Swim 06/27/25 4:00-5:00pm,30,female,black/African-American (having origins in Sub-Saharan Africa,4,"$20,001-30,000"
Family Swim 06/27/25 4:00-5:00pm,18,male,black/African-American (having origins in Sub-Saharan Africa,9 or more,"<$10,000"
Family Swim 06/27/25 4:00-5:00pm,17,male,black/African-American (having origins in Sub-Saharan Africa,8,"$10,001-20,000"
Family Swim 06/27/25 4:00-5:00pm,16,male,black/African-American (having origins in Sub-Saharan Africa,9 or more,"<$10,000"
Family Swim 06/27/25 4:00-5:00pm,16,male,black/African-American (having origins in Sub-Saharan Africa,4,"$30,001-40,000"
Family Swim 06/27/25 4:00-5:00pm,17,male,black/African-American (having origins in Sub-Saharan Africa,8,"$20,001-30,000"
Family Swim 06/27/25 4:00-5:00pm,16,male,black/African-American (having origins in Sub-Saharan Africa,8,"$20,001-30,000"
Family Swim 06/27/25 4:00-5:00pm,13,female,black/African-American (having origins in Sub-Saharan Africa,8,"$20,001-30,000"
Family Swim 06/27/25 4:00-5:00pm,9,male,black/African-American (having origins in Sub-Saharan Africa,3,"$20,001-30,000"
Family Swim 06/27/25 4:00-5:00pm,5,female,black/African-American (having origins in Sub-Saharan Africa,3,"$20,001-30,000"
Family Swim 06/27/25 4:00-5:00pm,17,male,black/African-American (having origins in Sub-Saharan Africa,4,"<$10,000"
 Family Swim 06/27/25 5:00-6:00pm,14,male,black/African-American (having origins in Sub-Saharan Africa,4,"$50,001-60,000"
 Family Swim 06/27/25 5:00-6:00pm,22,male,black/African-American (having origins in Sub-Saharan Africa,4,"$40,001-50,000"
 Family Swim 06/27/25 5:00-6:00pm,20,male,black/African-American (having origins in Sub-Saharan Africa,5,"<$10,000"
 Family Swim 06/27/25 5:00-6:00pm,10,male,black/African-American (having origins in Sub-Saharan Africa,5,"<$10,000"
 Family Swim 06/27/25 5:00-6:00pm,12,female,black/African-American (having origins in Sub-Saharan Africa,5,"<$10,000"
 Family Swim 06/27/25 5:00-6:00pm,5,female,black/African-American (having origins in Sub-Saharan Africa,5,"<$10,000"
 Family Swim 06/27/25 5:00-6:00pm,24,male,"white/European descent,",3,"$10,001-20,000"
Family Swim 06/29/25 2:30-3:30pm,13,male,black/African-American (having origins in Sub-Saharan Africa,9 or more,"$60,001-70,000"
Family Swim 06/29/25 2:30-3:30pm,6,male,black/African-American (having origins in Sub-Saharan Africa,9 or more,"$60,001-70,000"
Family Swim 06/29/25 2:30-3:30pm,12,female,black/African-American (having origins in Sub-Saharan Africa,9 or more,"$60,001-70,000"
Family Swim 06/29/25 2:30-3:30pm,8,female,black/African-American (having origins in Sub-Saharan Africa,9 or more,"$60,001-70,000"
Family Swim 06/29/25 2:30-3:30pm,17,male,black/African-American (having origins in Sub-Saharan Africa,4,"<$10,000"
Family Swim 06/29/25 2:30-3:30pm,17,male,black/African-American (having origins in Sub-Saharan Africa,9 or more,"<$10,000"
Family Swim 06/29/25 2:30-3:30pm,13,female,black/African-American (having origins in Sub-Saharan Africa,2,"<$10,000"
Family Swim 06/29/25 2:30-3:30pm,34,male,"Middle Eastern/North African (including the Middle East, North Africa, and the Arab world)",5,"$10,001-20,000"
Family Swim 06/29/25 2:30-3:30pm,43,female,black/African-American (having origins in Sub-Saharan Africa,4,"<$10,000"
Family Swim 06/29/25 2:30-3:30pm,43,female,black/African-American (having origins in Sub-Saharan Africa,4,"<$10,000"
Family Swim 06/29/25 2:30-3:30pm,43,female,black/African-American (having origins in Sub-Saharan Africa,4,"<$10,000"
Family Swim 06/29/25 2:30-3:30pm,6,female,"Middle Eastern/North African (including the Middle East, North Africa, and the Arab world)",5,"<$10,000"
Family Swim 06/29/25 2:30-3:30pm,8,female,"middle Eastern/North African (including the Middle East, North Africa, and the Arab world)",5,"<$10,000"
Family Swim 06/29/25 2:30-3:30pm,8,female,black/African-American (having origins in Sub-Saharan Africa,4,"<$10,000"
Family Swim 06/29/25 2:30-3:30pm,7,female,black/African-American (having origins in Sub-Saharan Africa,4,"<$10,000"
Family Swim 06/30/25 4:00-5:00pm,37,male,black/African-American (having origins in Sub-Saharan Africa,5,"$20,001-30,000"
Family Swim 06/30/25 4:00-5:00pm,17,male,black/African-American (having origins in Sub-Saharan Africa,7,"<$10,000"
Family Swim 06/30/25 4:00-5:00pm,17,male,black/African-American (having origins in Sub-Saharan Africa,6,"<$10,000"
Family Swim 06/30/25 4:00-5:00pm,17,male,black/African-American (having origins in Sub-Saharan Africa,4,"<$10,000"
Family Swim 06/30/25 4:00-5:00pm,17,male,black/African-American (having origins in Sub-Saharan Africa,5,"<$10,000"
Family Swim 06/30/25 4:00-5:00pm,17,male,black/African-American (having origins in Sub-Saharan Africa,4,"<$10,000"
Family Swim 06/30/25 4:00-5:00pm,4,male,black/African-American (having origins in Sub-Saharan Africa,5,"$20,001-30,000"
Family Swim 06/30/25 4:00-5:00pm,6,female,black/African-American (having origins in Sub-Saharan Africa,5,"$20,001-30,000"
Family Swim 06/30/25 4:00-5:00pm,8,female,black/African-American (having origins in Sub-Saharan Africa,5,"$30,001-40,000"
Family Swim 06/30/25 4:00-5:00pm,39,female,Multiracial,4,"$30,001-40,000"
Family Swim 07/06/25 2:30-3:30pm,17,male,black/African-American (having origins in Sub-Saharan Africa,7,"<$10,000"
Family Swim 07/06/25 2:30-3:30pm,17,male,black/African-American (having origins in Sub-Saharan Africa,4,"<$10,000"
Family Swim 07/06/25 2:30-3:30pm,17,male,black/African-American (having origins in Sub-Saharan Africa,4,"<$10,000"
Family Swim 07/06/25 2:30-3:30pm,14,male,"white/European descent,",3,"$10,001-20,000"
Family Swim 07/06/25 2:30-3:30pm,18,male,Multiracial,1,"<$10,000"
Family Swim 07/06/25 2:30-3:30pm,24,male,"white/European descent,",3,"$10,001-20,000"
Family Swim 07/06/25 2:30-3:30pm,17,male,black/African-American (having origins in Sub-Saharan Africa,8,"$20,001-30,000"
Family Swim 07/06/25 2:30-3:30pm,13,male,black/African-American (having origins in Sub-Saharan Africa,8,"$20,001-30,000"
Family Swim 07/06/25 2:30-3:30pm,13,female,black/African-American (having origins in Sub-Saharan Africa,8,"$20,001-30,000"
Family Swim 07/06/25 2:30-3:30pm,17,male,black/African-American (having origins in Sub-Saharan Africa,4,"<$10,000"
Family Swim 07/07/25 4:00-5:00pm,42,female,black/African-American (having origins in Sub-Saharan Africa,6,"$30,001-40,000"
Family Swim 07/07/25 4:00-5:00pm,2,female,black/African-American (having origins in Sub-Saharan Africa,5,"<$10,000"
Family Swim 07/07/25 4:00-5:00pm,4,female,black/African-American (having origins in Sub-Saharan Africa,4,"$30,001-40,000"
Family Swim 07/11/25 4:00-5:00pm,13,male,black/African-American (having origins in Sub-Saharan Africa,9 or more,"$60,001-70,000"
Family Swim 07/11/25 4:00-5:00pm,17,male,black/African-American (having origins in Sub-Saharan Africa,7,"<$10,000"
Family Swim 07/11/25 4:00-5:00pm,17,male,black/African-American (having origins in Sub-Saharan Africa,4,"<$10,000"
Family Swim 07/11/25 4:00-5:00pm,17,male,black/African-American (having origins in Sub-Saharan Africa,4,"<$10,000"
Family Swim 07/11/25 4:00-5:00pm,17,male,black/African-American (having origins in Sub-Saharan Africa,4,"<$10,000"
Family Swim 07/11/25 4:00-5:00pm,13,female,black/African-American (having origins in Sub-Saharan Africa,2,"<$10,000"
Family Swim 07/11/25 4:00-5:00pm,6,female,black/African-American (having origins in Sub-Saharan Africa,3,"<$10,000"
Family Swim 07/11/25 4:00-5:00pm,42,female,black/African-American (having origins in Sub-Saharan Africa,6,"$30,001-40,000"
Family Swim 07/11/25 4:00-5:00pm,2,female,black/African-American (having origins in Sub-Saharan Africa,5,"<$10,000"
Family Swim 07/11/25 4:00-5:00pm,4,female,black/African-American (having origins in Sub-Saharan Africa,4,"$30,001-40,000"
Family Swim 07/11/25 4:00-5:00pm,16,male,black/African-American (having origins in Sub-Saharan Africa,7,"$60,001-70,000"
Family Swim 07/11/25 4:00-5:00pm,25,female,black/African-American (having origins in Sub-Saharan Africa,1,"<$10,000"
Family Swim 07/11/25 4:00-5:00pm,17,male,black/African-American (having origins in Sub-Saharan Africa,8,"$10,001-20,000"
Family Swim 07/11/25 4:00-5:00pm,16,male,black/African-American (having origins in Sub-Saharan Africa,9 or more,"<$10,000"
Family Swim 07/11/25 4:00-5:00pm,16,male,black/African-American (having origins in Sub-Saharan Africa,4,"$30,001-40,000"
Family Swim 07/11/25 4:00-5:00pm,17,male,black/African-American (having origins in Sub-Saharan Africa,8,"$20,001-30,000"
Family Swim 07/11/25 4:00-5:00pm,16,male,black/African-American (having origins in Sub-Saharan Africa,8,"$20,001-30,000"
Family Swim 07/14/25 4:00-5:00pm,22,male,black/African-American (having origins in Sub-Saharan Africa,4,"$40,001-50,000"
Family Swim 07/14/25 4:00-5:00pm,20,male,black/African-American (having origins in Sub-Saharan Africa,4,"$40,001-50,000"
Family Swim 07/14/25 4:00-5:00pm,14,male,"white/European descent,",3,"$10,001-20,000"
Family Swim 07/14/25 4:00-5:00pm,37,female,"white/European descent,",1,"$80,001-90,000"
Family Swim 07/14/25 4:00-5:00pm,7,female,"White/European descent, Black/African-American (having origins in Sub-Saharan Africa), Asian (e.g. Central Asian, East Asian, South Asian, Southeast Asian),",7,"$50,001-60,000"
Family Swim 07/14/25 4:00-5:00pm,24,male,"white/European descent,",3,"$10,001-20,000"
Family Swim 07/18/25 5:00-6:00pm,13,male,black/African-American (having origins in Sub-Saharan Africa,9 or more,"$60,001-70,000"
Family Swim 07/18/25 5:00-6:00pm,12,female,black/African-American (having origins in Sub-Saharan Africa,9 or more,"$60,001-70,000"
Family Swim 07/18/25 5:00-6:00pm,13,female,black/African-American (having origins in Sub-Saharan Africa,2,"<$10,000"
Family Swim 07/18/25 5:00-6:00pm,37,female,"white/European descent,",1,"$80,001-90,000"
Family Swim 07/18/25 5:00-6:00pm,7,female,"White/European descent, Black/African-American (having origins in Sub-Saharan Africa), Asian (e.g. Central Asian, East Asian, South Asian, Southeast Asian),",7,"$50,001-60,000"
Family Swim 07/18/25 5:00-6:00pm,11,female,black/African-American (having origins in Sub-Saharan Africa,5,"<$10,000"
Family Swim 07/18/25 5:00-6:00pm,18,male,black/African-American (having origins in Sub-Saharan Africa,9 or more,"<$10,000"
Family Swim 07/18/25 5:00-6:00pm,17,male,black/African-American (having origins in Sub-Saharan Africa,8,"$10,001-20,000"
Family Swim 07/18/25 5:00-6:00pm,16,male,black/African-American (having origins in Sub-Saharan Africa,4,"$30,001-40,000"
Family Swim 07/18/25 5:00-6:00pm,24,male,"white/European descent,",3,"$10,001-20,000"
Family Swim 07/18/25 5:00-6:00pm,16,male,black/African-American (having origins in Sub-Saharan Africa,8,"$20,001-30,000"
Family Swim 07/18/25 5:00-6:00pm,13,female,black/African-American (having origins in Sub-Saharan Africa,8,"$20,001-30,000"
 Family Swim 07/20/25 2:30-3:30pm,21,female,"white/European descent,",1,"<$10,000"
Family Swim 07/21/25 4:00-5:00pm,1,female,black/African-American (having origins in Sub-Saharan Africa,4,"$50,001-60,000"
Family Swim 07/21/25 4:00-5:00pm,7,female,black/African-American (having origins in Sub-Saharan Africa,3,"$30,001-40,000"
Family Swim 07/21/25 4:00-5:00pm,46,female,"white/European descent,",3,"$90,001+"
Family Swim 07/21/25 4:00-5:00pm,30,female,black/African-American (having origins in Sub-Saharan Africa,4,"$20,001-30,000"
Family Swim 07/21/25 4:00-5:00pm,8,male,"white/European descent,",1,"$90,001+"
Family Swim 07/21/25 4:00-5:00pm,16,male,black/African-American (having origins in Sub-Saharan Africa,8,"$20,001-30,000"
Family Swim 07/21/25 4:00-5:00pm,24,male,"white/European descent,",3,"$10,001-20,000"
Family Swim 07/21/25 4:00-5:00pm,17,male,black/African-American (having origins in Sub-Saharan Africa,8,"$20,001-30,000"
Family Swim 07/21/25 4:00-5:00pm,16,male,black/African-American (having origins in Sub-Saharan Africa,8,"$20,001-30,000"
Family Swim 07/21/25 4:00-5:00pm,13,female,black/African-American (having origins in Sub-Saharan Africa,8,"$20,001-30,000"
Family Swim 07/25/25 5:00-6:00pm,13,male,black/African-American (having origins in Sub-Saharan Africa,9 or more,"$60,001-70,000"
Family Swim 07/25/25 5:00-6:00pm,6,male,black/African-American (having origins in Sub-Saharan Africa,9 or more,"$60,001-70,000"
Family Swim 07/25/25 5:00-6:00pm,12,female,black/African-American (having origins in Sub-Saharan Africa,9 or more,"$60,001-70,000"
Family Swim 07/25/25 5:00-6:00pm,6,male,black/African-American (having origins in Sub-Saharan Africa,9 or more,"$60,001-70,000"
Family Swim 07/25/25 5:00-6:00pm,13,female,"white/European descent,",4,"$40,001-50,000"
Family Swim 07/25/25 5:00-6:00pm,12,female,"white/European descent,",4,"$40,001-50,000"
Family Swim 07/25/25 5:00-6:00pm,4,male,black/African-American (having origins in Sub-Saharan Africa,5,"$20,001-30,000"
Family Swim 07/25/25 5:00-6:00pm,35,female,black/African-American (having origins in Sub-Saharan Africa,5,"$10,001-20,000"
Family Swim 07/25/25 5:00-6:00pm,11,female,black/African-American (having origins in Sub-Saharan Africa,5,"<$10,000"
Family Swim 07/25/25 5:00-6:00pm,18,male,black/African-American (having origins in Sub-Saharan Africa,9 or more,"<$10,000"
Family Swim 07/25/25 5:00-6:00pm,17,male,black/African-American (having origins in Sub-Saharan Africa,8,"$10,001-20,000"
Family Swim 07/25/25 5:00-6:00pm,17,male,black/African-American (having origins in Sub-Saharan Africa,5,"<$10,000"
Family Swim 07/25/25 5:00-6:00pm,17,male,black/African-American (having origins in Sub-Saharan Africa,5,"<$10,000"
Family Swim 07/25/25 5:00-6:00pm,16,male,black/African-American (having origins in Sub-Saharan Africa,9 or more,"<$10,000"
Family Swim 07/25/25 5:00-6:00pm,16,male,black/African-American (having origins in Sub-Saharan Africa,4,"$30,001-40,000"
Family Swim 07/25/25 5:00-6:00pm,24,male,"white/European descent,",3,"$10,001-20,000"
Family Swim 07/25/25 5:00-6:00pm,17,male,black/African-American (having origins in Sub-Saharan Africa,8,"$20,001-30,000"
Family Swim 07/25/25 5:00-6:00pm,17,male,black/African-American (having origins in Sub-Saharan Africa,1,"<$10,000"
 Family Swim 07/27/25 11-12:00pm,40,male,black/African-American (having origins in Sub-Saharan Africa,3,"<$10,000"
 Family Swim 07/27/25 11-12:00pm,34,male,"white/European descent,",2,"$50,001-60,000"
Family Swim 1/12/2025 3:30-4:30,36,male,"white/European descent,",4,"$60,001-70,000"
Family Swim 1/12/2025 3:30-4:30,8,male,"white/European descent,",5,"$30,001-40,000"
Family Swim 1/12/2025 3:30-4:30,33,female,"white/European descent,",3,"$60,001-70,000"
Family Swim 1/12/2025 3:30-4:30,6,female,"white/European descent,",3,"$60,001-70,000"
Family Swim 1/12/2025 3:30-4:30,14,female,black/African-American (having origins in Sub-Saharan Africa,5,"$90,001+"
Family Swim 1/12/2025 3:30-4:30,10,female,"white/European descent,",4,"$10,001-20,000"
Family Swim 1/12/2025 3:30-4:30,7,female,"White/European descent, Black/African-American (having origins in Sub-Saharan Africa), Asian (e.g. Central Asian, East Asian, South Asian, Southeast Asian)",7,"$50,001-60,000"
Family Swim 1/12/2025 3:30-4:30,5,male,"white/European descent,",4,"$10,001-20,000"
Family Swim 1/12/2025 3:30-4:30,35,female,"white/European descent,",4,"$10,001-20,000"
Family Swim 1/12/2025 3:30-4:30,13,male,"white/European descent,",4,"$10,001-20,000"
Family Swim 1/12/2025 3:30-4:30,34,female,"white/European descent,",3,"$20,001-30,000"
Family Swim 1/12/2025 3:30-4:30,3,male,"white/European descent,",3,"$90,001+"
Family Swim 1/12/2025 3:30-4:30,29,female,"white/European descent,",4,"$90,001+"
Family Swim 1/12/2025 3:30-4:30,13,female,"white/European descent,",4,"$90,001+"
Family Swim 1/12/2025 3:30-4:30,43,female,"white/European descent,",4,"$90,001+"
Family Swim 1/12/2025 3:30-4:30,10,male,"white/European descent,",4,"$90,001+"
Family Swim 1/12/2025 3:30-4:30,29,female,"white/European descent,",4,"$20,001-30,000"
Family Swim 1/12/2025 3:30-4:30,11,female,"white/European descent,",3,"$20,001-30,000"
Family Swim 1/12/2025 3:30-4:30,36,male,"white/European descent,",4,"$40,001-50,000"
Family Swim 1/12/2025 3:30-4:30,35,female,"white/European descent,",4,"$10,001-20,000"
Family Swim 1/12/2025 3:30-4:30,6,male,"white/European descent,",4,"$50,001-60,000"
Family Swim 1/12/2025 3:30-4:30,12,male,"white/European descent,",4,"$50,001-60,000"
Family Swim 1/12/2025 3:30-4:30,35,male,"white/European descent,",1,"$20,001-30,000"
Family Swim 1/12/2025 3:30-4:30,3,male,"white/European descent,",3,"$20,001-30,000"
Family Swim 1/2/25 3:00-4:00pm,43,male,"white/European descent,",4,"$80,001-90,000"
Family Swim 1/2/25 3:00-4:00pm,43,female,"white/European descent,",3,"<$10,000"
Family Swim 1/2/25 3:00-4:00pm,10,female,"white/European descent,",3,"<$10,000"
Family Swim 1/2/25 5:00-6:00pm,48, male,"white/European descent,",5,"$50,001-60,000"
Family Swim 1/2/25 5:00-6:00pm,7,female,"white/European descent,",5,"$50,001-60,000"
Family Swim 1/2/25 5:00-6:00pm,5,female,"white/European descent,",5,"$50,001-60,000"
Family Swim 1/2/25 5:00-6:00pm,4,female,"White/European descent, Hispanic/Latino/Latinx (e.g. identify as Hispanic or Latino with ties to Latin America, can be any race)",1,"$90,001+"
Family Swim 1/2/25 5:00-6:00pm,7,female,"white/European descent,",6,"$30,001-40,000"
Family Swim 1/2/25 5:00-6:00pm,34,female,"White/European descent, Hispanic/Latino/Latinx (e.g. identify as Hispanic or Latino with ties to Latin America, can be any race)",3,"$90,001+"
Family Swim 1/2/25 5:00-6:00pm,34,female,"white/European descent,",3,"$20,001-30,000"
Family Swim 1/2/25 5:00-6:00pm,11,female,"white/European descent,",3,"$20,001-30,000"
Family Swim 1/2/25 5:00-6:00pm,3,male,"white/European descent,",3,"$20,001-30,000"
 Family Swim 1/24/25 6:00-7:00pm,7,male,"white/European descent,",4,"<$10,000"
 Family Swim 1/24/25 6:00-7:00pm,36,male,"white/European descent,",4,"$90,001+"
 Family Swim 1/24/25 6:00-7:00pm,2,female,"white/European descent,",4,"<$10,000"
 Family Swim 1/24/25 6:00-7:00pm,31,female,"white/European descent,",4,"<$10,000"
 Family Swim 1/24/25 6:00-7:00pm,28,male,"white/European descent,",3,"$90,001+"
 Family Swim 1/24/25 6:00-7:00pm,29,female,"white/European descent,",3,"$90,001+"
 Family Swim 1/24/25 6:00-7:00pm,5,female,"white/European descent,",3,"$90,001+"
 Family Swim 1/24/25 6:00-7:00pm,7,female,"white/European descent,",3,"$90,001+"
 Family Swim 1/24/25 6:00-7:00pm,35,female,"white/European descent,",3,"$90,001+"
 Family Swim 1/24/25 6:00-7:00pm,34,female,"white/European descent,",3,"$20,001-30,000"
 Family Swim 1/24/25 6:00-7:00pm,11,female,"white/European descent,",3,"$20,001-30,000"
 Family Swim 1/24/25 6:00-7:00pm,39,male,"white/European descent,",4,"$70,001-80,000"
 Family Swim 1/24/25 6:00-7:00pm,12,male,"white/European descent,",4,"$70,001-80,000"
 Family Swim 1/24/25 6:00-7:00pm,10,male,"white/European descent,",4,"$70,001-80,000"
 Family Swim 1/24/25 6:00-7:00pm,27,female,"white/European descent,",4,"$70,001-80,000"
Family Swim 1/5/2025 3:30-4:30,37,female,"white/European descent,",4,"$40,001-50,000"
Family Swim 1/5/2025 3:30-4:30,8,male,"white/European descent,",4,"$40,001-50,000"
Family Swim 1/5/2025 3:30-4:30,34,female,"white/European descent,",3,"$90,001+"
Family Swim 1/5/2025 3:30-4:30,7,male,"white/European descent,",3,"$90,001+"
Family Swim 1/5/2025 3:30-4:30,14,female,black/African-American (having origins in Sub-Saharan Africa,5,"$90,001+"
Family Swim 1/5/2025 3:30-4:30,5,male,black/African-American (having origins in Sub-Saharan Africa,5,"<$10,000"
Family Swim 1/5/2025 3:30-4:30,3,female,black/African-American (having origins in Sub-Saharan Africa,5,"<$10,000"
Family Swim 1/5/2025 3:30-4:30,34,male,black/African-American (having origins in Sub-Saharan Africa,5,"$70,001-80,000"
Family Swim 1/5/2025 3:30-4:30,13,female,"white/European descent,",4,"$90,001+"
Family Swim 1/5/2025 3:30-4:30,43,female,"white/European descent,",4,"$90,001+"
Family Swim 1/5/2025 3:30-4:30,10,male,"white/European descent,",4,"$90,001+"
Family Swim 1/5/2025 3:30-4:30,16,female,"white/European descent,",4,"$40,001-50,000"
Family Swim 1/5/2025 3:30-4:30,13,male,"white/European descent,",4,"$40,001-50,000"
Family Swim 10/06/2025 4:00-5:00pm,34,male,"middle Eastern/North African (including the Middle East, North Africa, and the Arab world)",5,"$10,001-20,000"
Family Swim 10/06/2025 4:00-5:00pm,6,female,"middle Eastern/North African (including the Middle East, North Africa, and the Arab world)",5,"<$10,000"
Family Swim 10/06/2025 4:00-5:00pm,8,female,"middle Eastern/North African (including the Middle East, North Africa, and the Arab world)",5,"<$10,000"
Family Swim 10/06/2025 4:00-5:00pm,4,female,"middle Eastern/North African (including the Middle East, North Africa, and the Arab world)",5,"<$10,000"
Family Swim 10/06/2025 4:00-5:00pm,24,male,"white/European descent,",3,"$10,001-20,000"
Family Swim 10/10/2025 5:30-6:30pm,31,female,black/African-American (having origins in Sub-Saharan Africa,4,"<$10,000"
Family Swim 10/10/2025 5:30-6:30pm,1,male,black/African-American (having origins in Sub-Saharan Africa,4,"<$10,000"
Family Swim 10/10/2025 5:30-6:30pm,4,female,black/African-American (having origins in Sub-Saharan Africa,5,"<$10,000"
Family Swim 10/10/2025 5:30-6:30pm,33,male,black/African-American (having origins in Sub-Saharan Africa,5,"$30,001-40,000"
Family Swim 10/13/2025 4:00-5:00pm,46,female,"white/European descent,",3,"$90,001+"
Family Swim 10/13/2025 4:00-5:00pm,8,male,"white/European descent,",1,"$90,001+"
Family Swim 10/13/2025 4:00-5:00pm,10,male,"white/European descent,",3,"$70,001-80,000"
Family Swim 10/13/2025 4:00-5:00pm,3,male,"white/European descent,",3,"$70,001-80,000"
Family Swim 10/13/2025 4:00-5:00pm,42,female,"white/European descent,",3,"$70,001-80,000"
Family Swim 10/13/2025 4:00-5:00pm,24,male,"white/European descent,",3,"$10,001-20,000"
Family Swim 10/17/2025 5:30-6:30pm,10,male,multiracial,4,"$30,001-40,000"
Family Swim 10/17/2025 5:30-6:30pm,13,female,multiracial,4,"$30,001-40,000"
Family Swim 10/17/2025 5:30-6:30pm,7,male,"white/European descent,",5,"$40,001-50,000"
Family Swim 10/17/2025 5:30-6:30pm,24,male,"white/European descent,",3,"$10,001-20,000"
Family Swim 10/20/2025 4:00-5:00pm,46,female,"white/European descent,",3,"$90,001+"
Family Swim 10/20/2025 4:00-5:00pm,41,male,"white/European descent,",3,"$90,001+"
Family Swim 10/20/2025 4:00-5:00pm,8,male,"white/European descent,",1,"$90,001+"
Family Swim 10/24/2025 5:30-6:30pm,9,male,"white/European descent,",3,"$30,001-40,000"
Family Swim 10/24/2025 5:30-6:30pm,34,male,"white/European descent,",3,"$30,001-40,000"
Family Swim 10/24/2025 5:30-6:30pm,0,male,"Asian (e.g. Central Asian, East Asian, South Asian, Southeast Asian)",3,"$90,001+"
Family Swim 10/24/2025 5:30-6:30pm,3,female,"Asian (e.g. Central Asian, East Asian, South Asian, Southeast Asian)",3,"$90,001+"
Family Swim 10/24/2025 5:30-6:30pm,10,male,multiracial,4,"$30,001-40,000"
Family Swim 10/24/2025 5:30-6:30pm,13,female,multiracial,4,"$30,001-40,000"
Family Swim 10/24/2025 5:30-6:30pm,76,male,"white/European descent,",4,"$20,001-30,000"
Family Swim 10/24/2025 5:30-6:30pm,24, male,"white/European descent,",3,"$10,001-20,000"
Family Swim 10/24/2025 5:30-6:30pm,36,female,"Asian (e.g. Central Asian, East Asian, South Asian, Southeast Asian)",3,"$90,001+"
